-- phpMyAdmin SQL Dump
-- version 2.8.2.4
-- http://www.phpmyadmin.net
-- 
-- Host: localhost:3306
-- Generation Time: Apr 26, 2009 at 04:40 AM
-- Server version: 5.0.37
-- PHP Version: 5.0.5
-- 
-- Database: `itext_examples`
-- 
CREATE DATABASE `itext_examples` DEFAULT CHARACTER SET utf8 COLLATE utf8_general_ci;
USE `itext_examples`;

-- --------------------------------------------------------

-- 
-- Table structure for table `collections`
-- 

CREATE TABLE `collections` (
  `id` int(11) NOT NULL auto_increment,
  `title` varchar(50) NOT NULL,
  `directory` varchar(20) NOT NULL,
  `path` varchar(50) NOT NULL,
  `description` mediumtext NOT NULL,
  `sort` smallint(6) NOT NULL,
  PRIMARY KEY  (`id`)
) ENGINE=InnoDB DEFAULT CHARSET=latin1 AUTO_INCREMENT=5 ;

-- 
-- Dumping data for table `collections`
-- 

INSERT INTO `collections` (`id`, `title`, `directory`, `path`, `description`, `sort`) VALUES (1, 'iText in Action', 'in_action', '/examples/itext-in-action.php', 'These examples are part of the book "<a href="http://www.1t3xt.com/docs/book.php">iText in Action</a>" (ISBN: 1932394796) by Bruno Lowagie. You can use them for inspiration, but please buy the book if there''s something you don''t understand about the example.', 1),
(2, 'iText Classroom', 'classroom', '/examples/classroom.php', 'A series of examples used by Bruno when he teaches iText. All the examples are built around two themes. The filmfestival examples use a database with movies and festival screenings and show how to create PDF files. There are also some examples about filling forms. The newspaper articles demonstrate more PDF manipulation functionality.', 2),
(3, 'iText-Questions', '', '/examples/questions.php', 'This is a series of examples written in answer to questions posted on the <a href="http://www.1t3xt.com/about/contact.php">iText mailing list</a>.', 10),
(4, 'RTF', '', '/examples/rtf.php', 'RTF examples written by Howard Shank.', 90);

-- --------------------------------------------------------

-- 
-- Table structure for table `examples`
-- 

CREATE TABLE `examples` (
  `id` int(11) NOT NULL auto_increment,
  `toc_id` int(11) NOT NULL default '0',
  `package` varchar(50) NOT NULL,
  `name` varchar(30) NOT NULL default '',
  `standalone` tinyint(1) NOT NULL default '1',
  `swing` tinyint(1) NOT NULL,
  `sort` int(11) NOT NULL,
  PRIMARY KEY  (`id`),
  KEY `chapter_id` (`toc_id`)
) ENGINE=MyISAM AUTO_INCREMENT=438 DEFAULT CHARSET=latin1 AUTO_INCREMENT=438 ;

-- 
-- Dumping data for table `examples`
-- 

INSERT INTO `examples` (`id`, `toc_id`, `package`, `name`, `standalone`, `swing`, `sort`) VALUES (1, 6, 'in_action.chapter01', 'HelloWorld', 1, 0, 1),
(2, 6, 'in_action.chapter01', 'HelloWorldBurst', 1, 0, 2),
(3, 7, 'in_action.chapter02', 'HelloWorld', 1, 0, 3),
(4, 7, 'in_action.chapter02', 'HelloWorldNarrow', 1, 0, 4),
(5, 7, 'in_action.chapter02', 'HelloWorldLetter', 1, 0, 5),
(6, 7, 'in_action.chapter02', 'HelloWorldLandscape', 1, 0, 6),
(7, 7, 'in_action.chapter02', 'HelloWorldLandscape2', 1, 0, 7),
(8, 7, 'in_action.chapter02', 'HelloWorldBlue', 1, 0, 8),
(9, 7, 'in_action.chapter02', 'HelloWorldMargins', 1, 0, 9),
(10, 7, 'in_action.chapter02', 'HelloWorldMirroredMargins', 1, 0, 10),
(11, 7, 'in_action.chapter02', 'HelloWorldMultiple', 1, 0, 11),
(12, 7, 'in_action.chapter02', 'HelloWorldSystemOut', 1, 0, 12),
(13, 7, 'in_action.chapter02', 'HelloWorldOpen', 1, 0, 13),
(14, 7, 'in_action.chapter02', 'HelloWorldVersion_1_6', 1, 0, 14),
(15, 7, 'in_action.chapter02', 'HelloWorldMetadata', 1, 0, 15),
(16, 7, 'in_action.chapter02', 'HelloWorldAbsolute', 1, 0, 16),
(17, 7, 'in_action.chapter02', 'HelloWorldGraphics2D', 1, 0, 17),
(18, 7, 'in_action.chapter02', 'HelloWorldReader', 1, 0, 18),
(19, 7, 'in_action.chapter02', 'HelloWorldPartialReader', 1, 0, 19),
(20, 7, 'in_action.chapter02', 'HelloWorldBookmarks', 1, 0, 20),
(21, 7, 'in_action.chapter02', 'HelloWorldReadMetadata', 1, 0, 21),
(22, 7, 'in_action.chapter02', 'HelloWorldAddMetadata', 1, 0, 22),
(23, 7, 'in_action.chapter02', 'HelloWorldForm', 1, 0, 23),
(24, 7, 'in_action.chapter02', 'HelloWorldStamper', 1, 0, 24),
(25, 7, 'in_action.chapter02', 'HelloWorldStamper2', 1, 0, 25),
(26, 7, 'in_action.chapter02', 'HelloWorldStamperAdvanced', 1, 0, 26),
(27, 7, 'in_action.chapter02', 'HelloWorldStamperImportedPages', 1, 0, 27),
(28, 7, 'in_action.chapter02', 'HelloWorldImportedPages', 1, 0, 28),
(29, 7, 'in_action.chapter02', 'HelloWorldWriter', 1, 0, 29),
(30, 7, 'in_action.chapter02', 'HelloWorldCopy', 1, 0, 30),
(31, 7, 'in_action.chapter02', 'HelloWorldSelectPages', 1, 0, 31),
(32, 7, 'in_action.chapter02', 'HelloWorldSelectedPages', 1, 0, 32),
(33, 7, 'in_action.chapter02', 'HelloWorldCopyForm', 1, 0, 33),
(34, 7, 'in_action.chapter02', 'HelloWorldCopyFields', 1, 0, 34),
(35, 7, 'in_action.chapter02', 'HelloWorldStampCopy', 1, 0, 35),
(36, 7, 'in_action.chapter02', 'HelloWorldCopyStamp', 1, 0, 36),
(37, 7, 'in_action.chapter02', 'HelloWorldStampCopyStamp', 1, 0, 37),
(38, 8, 'in_action.chapter03', 'HelloWorldMaximum', 1, 0, 38),
(39, 8, 'in_action.chapter03', 'HelloWorldUncompressed', 1, 0, 39),
(40, 8, 'in_action.chapter03', 'HelloWorldFullyCompressed', 1, 0, 40),
(41, 8, 'in_action.chapter03', 'HelloWorldCompression', 1, 0, 41),
(42, 8, 'in_action.chapter03', 'HelloWorldEncryptDecrypt', 1, 0, 42),
(43, 8, 'in_action.chapter03', 'HelloWorldEncrypted', 1, 0, 43),
(44, 9, 'in_action.chapter04', 'FoxDogChunk1', 1, 0, 44),
(45, 9, 'in_action.chapter04', 'FoxDogChunk2', 1, 0, 45),
(46, 9, 'in_action.chapter04', 'FoxDogPhrase', 1, 0, 46),
(47, 9, 'in_action.chapter04', 'FoxDogParagraph', 1, 0, 47),
(48, 9, 'in_action.chapter04', 'FoxDogAnchor1', 1, 0, 48),
(49, 9, 'in_action.chapter04', 'FoxDogAnchor2', 1, 0, 49),
(50, 9, 'in_action.chapter04', 'FoxDogList1', 1, 0, 50),
(51, 9, 'in_action.chapter04', 'FoxDogList2', 1, 0, 51),
(52, 9, 'in_action.chapter04', 'FoxDogChapter1', 1, 0, 52),
(53, 9, 'in_action.chapter04', 'FoxDogChapter2', 1, 0, 53),
(54, 9, 'in_action.chapter04', 'FoxDogScale', 1, 0, 54),
(55, 9, 'in_action.chapter04', 'FoxDogUnderline', 1, 0, 55),
(56, 9, 'in_action.chapter04', 'FoxDogSupSubscript', 1, 0, 56),
(57, 9, 'in_action.chapter04', 'FoxDogSkew', 1, 0, 57),
(58, 9, 'in_action.chapter04', 'FoxDogColor', 1, 0, 58),
(59, 9, 'in_action.chapter04', 'FoxDogRender', 1, 0, 59),
(60, 9, 'in_action.chapter04', 'FoxDogSplit', 1, 0, 60),
(61, 9, 'in_action.chapter04', 'DickensHyphenated', 1, 0, 61),
(62, 9, 'in_action.chapter04', 'FoxDogSpaceCharRatio', 1, 0, 62),
(63, 9, 'in_action.chapter04', 'FoxDogGoto1', 1, 0, 63),
(64, 9, 'in_action.chapter04', 'FoxDogGoto2', 1, 0, 64),
(65, 9, 'in_action.chapter04', 'FoxDogGoto3', 1, 0, 65),
(66, 9, 'in_action.chapter04', 'FoxDogGoto4', 1, 0, 66),
(67, 9, 'in_action.chapter04', 'FoxDogGeneric1', 1, 0, 67),
(68, 9, 'in_action.chapter04', 'FoxDogGeneric2', 1, 0, 68),
(69, 9, 'in_action.chapter04', 'FoxDogGeneric3', 1, 0, 69),
(70, 9, 'in_action.chapter04', 'FoobarFlyer', 1, 0, 70),
(71, 10, 'in_action.chapter05', 'FoxDogImageTypes', 1, 0, 71),
(72, 10, 'in_action.chapter05', 'FoxDogMultipageTiff', 1, 0, 72),
(73, 10, 'in_action.chapter05', 'FoxDogAnimatedGif', 1, 0, 73),
(74, 10, 'in_action.chapter05', 'HitchcockAwtImage', 1, 0, 74),
(75, 10, 'in_action.chapter05', 'HitchcockAwt', 1, 0, 75),
(76, 10, 'in_action.chapter05', 'FoxDogRawImage', 1, 0, 76),
(77, 10, 'in_action.chapter05', 'Barcodes', 1, 0, 77),
(78, 10, 'in_action.chapter02', 'HelloWorldImportedPages', 1, 0, 78),
(79, 10, 'in_action.chapter05', 'FoxDogImageAlignment', 1, 0, 79),
(80, 10, 'in_action.chapter05', 'FoxDogImageWrapping', 1, 0, 80),
(81, 10, 'in_action.chapter05', 'FoxDogImageChunk', 1, 0, 81),
(82, 10, 'in_action.chapter05', 'FoxDogImageRectangle', 1, 0, 82),
(83, 10, 'in_action.chapter05', 'FoxDogImageSequence', 1, 0, 83),
(84, 10, 'in_action.chapter05', 'FoxDogImageTranslation', 1, 0, 84),
(85, 10, 'in_action.chapter05', 'FoxDogImageScaling1', 1, 0, 85),
(86, 10, 'in_action.chapter05', 'FoxDogImageScaling2', 1, 0, 86),
(87, 10, 'in_action.chapter05', 'FoxDogImageRotation', 1, 0, 87),
(88, 10, 'in_action.chapter05', 'FoxDogImageMask', 1, 0, 88),
(89, 10, 'in_action.chapter05', 'FoobarFlyer', 1, 0, 89),
(90, 11, 'in_action.chapter06', 'MyFirstPdfPTable', 1, 0, 90),
(91, 11, 'in_action.chapter06', 'PdfPTableAligned', 1, 0, 91),
(92, 11, 'in_action.chapter06', 'PdfPTableAbsoluteWidth', 1, 0, 92),
(93, 11, 'in_action.chapter06', 'PdfPTableColumnWidths', 1, 0, 93),
(94, 11, 'in_action.chapter06', 'PdfPTableAbsoluteWidths', 1, 0, 94),
(95, 11, 'in_action.chapter06', 'PdfPTableAbsoluteColumns', 1, 0, 95),
(96, 11, 'in_action.chapter06', 'PdfPTableSpacing', 1, 0, 96),
(97, 11, 'in_action.chapter06', 'PdfPTableWithoutBorders', 1, 0, 97),
(98, 11, 'in_action.chapter06', 'PdfPTableCellAlignment', 1, 0, 98),
(99, 11, 'in_action.chapter06', 'PdfPTableCellSpacing', 1, 0, 99),
(100, 11, 'in_action.chapter06', 'PdfPTableCellHeights', 1, 0, 100),
(101, 11, 'in_action.chapter06', 'PdfPTableColors', 1, 0, 101),
(102, 11, 'in_action.chapter06', 'PdfPTableVerticalCells', 1, 0, 102),
(103, 11, 'in_action.chapter06', 'PdfPTableNested', 1, 0, 103),
(104, 11, 'in_action.chapter06', 'PdfPTableImages', 1, 0, 104),
(105, 11, 'in_action.chapter06', 'PdfPTableSplit', 1, 0, 105),
(106, 11, 'in_action.chapter06', 'PdfPTableRepeatHeader', 1, 0, 106),
(107, 11, 'in_action.chapter06', 'PdfPTableRepeatHeaderFooter', 1, 0, 107),
(108, 11, 'in_action.chapter06', 'PdfPTableMemoryFriendly', 1, 0, 108),
(109, 11, 'in_action.chapter06', 'PdfPTableCompare', 1, 0, 109),
(110, 11, 'in_action.chapter06', 'PdfPTableAbsolutePositions', 1, 0, 110),
(111, 11, 'in_action.chapter06', 'PdfPTableSplitVertically', 1, 0, 111),
(112, 11, 'in_action.chapter06', 'MyFirstTable', 1, 0, 112),
(113, 11, 'in_action.chapter06', 'SpecificCells', 1, 0, 113),
(114, 11, 'in_action.chapter06', 'FoobarStudyProgram', 1, 0, 114),
(115, 12, 'in_action.chapter07', 'ParagraphText', 1, 0, 115),
(116, 12, 'in_action.chapter07', 'ParagraphPositions', 1, 0, 116),
(117, 12, 'in_action.chapter07', 'ColumnWithAddText', 1, 0, 117),
(118, 12, 'in_action.chapter07', 'ColumnWithSetSimpleColumn', 1, 0, 118),
(119, 12, 'in_action.chapter07', 'ColumnWithSetText', 1, 0, 119),
(120, 12, 'in_action.chapter07', 'ColumnControl', 1, 0, 120),
(121, 12, 'in_action.chapter07', 'ColumnsRegular', 1, 0, 121),
(122, 12, 'in_action.chapter07', 'ColumnsIrregular', 1, 0, 122),
(123, 12, 'in_action.chapter07', 'ColumnProperties', 1, 0, 123),
(124, 12, 'in_action.chapter07', 'ColumnElements', 1, 0, 124),
(125, 12, 'in_action.chapter07', 'ColumnWithAddElement', 1, 0, 125),
(126, 12, 'in_action.chapter07', 'MultiColumnPoem', 1, 0, 126),
(127, 12, 'in_action.chapter07', 'MultiColumnPoemReverse', 1, 0, 127),
(128, 12, 'in_action.chapter07', 'MultiColumnPoemCustom', 1, 0, 128),
(129, 12, 'in_action.chapter07', 'MultiColumnIrregular', 1, 0, 129),
(130, 12, 'in_action.chapter07', 'FoobarCourseCatalog', 1, 0, 130),
(131, 13, 'in_action.chapter08', 'StandardType1Fonts', 1, 0, 131),
(132, 13, 'in_action.chapter08', 'FontMetrics', 1, 0, 132),
(133, 13, 'in_action.chapter08', 'StandardType1FontFromAFM', 1, 0, 133),
(134, 13, 'in_action.chapter08', 'Type1FontFromAFM', 1, 0, 134),
(135, 13, 'in_action.chapter08', 'Type1FontFromPFBwithAFM', 1, 0, 135),
(136, 13, 'in_action.chapter08', 'Type1FontFromPFBwithPFM', 1, 0, 136),
(137, 13, 'in_action.chapter08', 'Type3Characters', 1, 0, 137),
(138, 13, 'in_action.chapter08', 'TrueTypeFontExample', 1, 0, 138),
(139, 13, 'in_action.chapter08', 'CompactFontFormatExample', 1, 0, 139),
(140, 13, 'in_action.chapter08', 'TrueTypeFontEncoding', 1, 0, 140),
(141, 13, 'in_action.chapter08', 'FileSizeComparison', 1, 0, 141),
(142, 13, 'in_action.chapter08', 'ChineseKoreanJapaneseFonts', 1, 0, 142),
(143, 13, 'in_action.chapter08', 'CIDTrueTypeOutlines', 1, 0, 143),
(144, 13, 'in_action.chapter08', 'TrueTypeCollections', 1, 0, 144),
(145, 14, 'in_action.chapter09', 'VerticalTextExample', 1, 0, 145),
(146, 14, 'in_action.chapter09', 'RightToLeftExample', 1, 0, 146),
(147, 14, 'in_action.chapter09', 'SayPeace', 1, 0, 147),
(148, 14, 'in_action.chapter09', 'Diacritics1', 1, 0, 148),
(149, 14, 'in_action.chapter09', 'Diacritics2', 1, 0, 149),
(150, 14, 'in_action.chapter09', 'Monospace', 1, 0, 150),
(151, 14, 'in_action.chapter09', 'Ligatures1', 1, 0, 151),
(152, 14, 'in_action.chapter09', 'Ligatures2', 1, 0, 152),
(153, 14, 'in_action.chapter09', 'FontFactoryExample1', 1, 0, 153),
(154, 14, 'in_action.chapter09', 'FontFactoryExample2', 1, 0, 154),
(155, 14, 'in_action.chapter09', 'SymbolSubstitution', 1, 0, 155),
(156, 14, 'in_action.chapter09', 'FontSelectionExample', 1, 0, 156),
(157, 14, 'in_action.chapter09', 'Peace', 1, 0, 157),
(158, 15, 'in_action.chapter10', 'InvisibleRectangles', 1, 0, 158),
(159, 15, 'in_action.chapter10', 'ConstructingPaths1', 1, 0, 159),
(160, 15, 'in_action.chapter10', 'ConstructingPaths2', 1, 0, 160),
(161, 15, 'in_action.chapter10', 'ConstructingPaths3', 1, 0, 161),
(162, 15, 'in_action.chapter10', 'ConstructingPaths4', 1, 0, 162),
(163, 15, 'in_action.chapter10', 'DirectContent', 1, 0, 163),
(164, 15, 'in_action.chapter10', 'PdfPTableCellEvents', 1, 0, 164),
(165, 15, 'in_action.chapter10', 'PdfPTableEvents', 1, 0, 165),
(166, 15, 'in_action.chapter10', 'PdfPTableFloatingBoxes', 1, 0, 166),
(167, 15, 'in_action.chapter10', 'GraphicsStateStack', 1, 0, 167),
(168, 15, 'in_action.chapter10', 'LineCharacteristics', 1, 0, 168),
(169, 15, 'in_action.chapter10', 'EyeLogo', 1, 0, 169),
(170, 15, 'in_action.chapter10', 'EyeCoordinates', 1, 0, 170),
(171, 15, 'in_action.chapter10', 'EyeImages', 1, 0, 171),
(172, 15, 'in_action.chapter10', 'EyeInlineImage', 1, 0, 172),
(173, 15, 'in_action.chapter10', 'FoobarCity', 1, 0, 173),
(174, 16, 'in_action.chapter11', 'DeviceColor', 1, 0, 174),
(175, 16, 'in_action.chapter11', 'SeparationColor', 1, 0, 175),
(176, 16, 'in_action.chapter11', 'Patterns', 1, 0, 176),
(177, 16, 'in_action.chapter11', 'ShadingPatterns', 1, 0, 177),
(178, 16, 'in_action.chapter11', 'ColoredParagraphs', 1, 0, 178),
(179, 16, 'in_action.chapter11', 'Transparency1', 1, 0, 179),
(180, 16, 'in_action.chapter11', 'Transparency2', 1, 0, 180),
(181, 16, 'in_action.chapter11', 'Transparency3', 1, 0, 181),
(182, 16, 'in_action.chapter11', 'TemplateClip', 1, 0, 182),
(183, 16, 'in_action.chapter11', 'ClippingPath', 1, 0, 183),
(184, 16, 'in_action.chapter11', 'TextOperators', 1, 0, 184),
(185, 16, 'in_action.chapter11', 'TextMethods', 1, 0, 185),
(186, 16, 'in_action.chapter11', 'FoobarCityStreets', 1, 0, 186),
(187, 17, 'in_action.chapter12', 'SunTutorialExample', 1, 0, 187),
(188, 17, 'in_action.chapter12', 'SunTutorialExampleWithText', 1, 0, 188),
(189, 17, 'in_action.chapter12', 'JapaneseExample1', 1, 0, 189),
(190, 17, 'in_action.chapter12', 'JapaneseExample2', 1, 0, 190),
(191, 17, 'in_action.chapter12', 'HindiExample', 1, 0, 191),
(192, 17, 'in_action.chapter12', 'MyJTable', 1, 1, 192),
(193, 17, 'in_action.chapter12', 'JTextPaneToPdf', 1, 1, 193),
(194, 17, 'in_action.chapter12', 'FoobarCharts', 1, 0, 194),
(195, 17, 'in_action.chapter12', 'PeekABoo', 1, 0, 195),
(196, 17, 'in_action.chapter12', 'OptionalContentExample', 1, 0, 196),
(197, 17, 'in_action.chapter12', 'LayerMembershipExample', 1, 0, 197),
(198, 17, 'in_action.chapter12', 'OptionalContentActionExample', 1, 0, 198),
(199, 17, 'in_action.chapter12', 'OptionalXObjectExample', 1, 0, 199),
(200, 17, 'in_action.chapter12', 'FoobarCityBatik', 1, 0, 200),
(201, 18, 'in_action.chapter12', 'FoobarCityBatik', 1, 0, 201),
(202, 18, 'in_action.chapter13', 'VPPageLayout', 1, 0, 202),
(203, 18, 'in_action.chapter13', 'VPPageModeAndLayout', 1, 0, 203),
(204, 18, 'in_action.chapter13', 'VPExamples', 1, 0, 204),
(205, 18, 'in_action.chapter13', 'PageLabels', 1, 0, 205),
(206, 18, 'in_action.chapter13', 'PhotoThumbs', 1, 0, 206),
(207, 18, 'in_action.chapter13', 'ThumbImage', 1, 0, 207),
(208, 18, 'in_action.chapter13', 'SlideShow', 1, 0, 208),
(209, 18, 'in_action.chapter13', 'ExplicitDestinations', 1, 0, 209),
(210, 18, 'in_action.chapter13', 'OutlineActions', 1, 0, 210),
(211, 18, 'in_action.chapter13', 'HelloWorldManipulateBookmarks', 1, 0, 211),
(212, 18, 'in_action.chapter13', 'HelloWorldCopyBookmarks', 1, 0, 212),
(213, 18, 'in_action.chapter13', 'NamedActions', 1, 0, 213),
(214, 18, 'in_action.chapter13', 'GotoActions', 1, 0, 214),
(215, 18, 'in_action.chapter13', 'EventTriggeredActions', 1, 0, 215),
(216, 18, 'in_action.chapter13', 'DocumentLevelJavaScript', 1, 0, 216),
(217, 18, 'in_action.chapter13', 'LaunchAction', 1, 0, 217),
(218, 18, 'in_action.chapter13', 'CourseCatalogBookmarked', 1, 0, 218),
(219, 19, 'in_action.chapter14', 'EmptyPages', 1, 0, 219),
(220, 19, 'in_action.chapter14', 'PageBoundaries', 1, 0, 220),
(221, 19, 'in_action.chapter14', 'ReorderPages', 1, 0, 221),
(222, 19, 'in_action.chapter14', 'HeaderFooterExample', 1, 0, 222),
(223, 19, 'in_action.chapter14', 'PageXofY', 1, 0, 223),
(224, 19, 'in_action.chapter14', 'WatermarkExample', 1, 0, 224),
(225, 19, 'in_action.chapter14', 'SlideShow', 1, 0, 225),
(226, 19, 'in_action.chapter14', 'ParagraphOutlines', 1, 0, 226),
(227, 19, 'in_action.chapter14', 'ChapterEvents', 1, 0, 227),
(228, 19, 'in_action.chapter14', 'SimpleLetter', 1, 0, 228),
(229, 19, 'in_action.chapter14', 'SimpleLetters', 1, 0, 229),
(230, 19, 'in_action.chapter14', 'RomeoJuliet', 1, 0, 230),
(231, 19, 'in_action.chapter14', 'HtmlParseExample', 1, 0, 231),
(232, 19, 'in_action.chapter14', 'ParsingHtml', 1, 0, 232),
(233, 19, 'in_action.chapter14', 'ParsingHtmlSnippets', 1, 0, 233),
(234, 19, 'in_action.chapter14', 'CourseCatalogEvents', 1, 0, 234),
(235, 20, 'in_action.chapter15', 'SimpleAnnotations', 1, 0, 235),
(236, 20, 'in_action.chapter15', 'TextAnnotations', 1, 0, 236),
(237, 20, 'in_action.chapter15', 'Annotations', 1, 0, 237),
(238, 20, 'in_action.chapter15', 'AnnotatedChunks', 1, 0, 238),
(239, 20, 'in_action.chapter15', 'AnnotatedImages', 1, 0, 239),
(240, 20, 'in_action.chapter15', 'Buttons', 1, 0, 240),
(241, 20, 'in_action.chapter15', 'Buttons2', 1, 0, 241),
(242, 20, 'in_action.chapter15', 'TextFields', 1, 0, 242),
(243, 20, 'in_action.chapter15', 'ChoiceFields', 1, 0, 243),
(244, 20, 'in_action.chapter15', 'SenderReceiver', 1, 0, 244),
(245, 20, 'in_action.chapter15', 'Calculator', 1, 0, 245),
(246, 20, 'in_action.chapter15', 'FieldActions', 1, 0, 246),
(247, 21, 'in_action.chapter16', 'RegisterForm1', 1, 0, 247),
(248, 21, 'in_action.chapter16', 'FillAcroForm1', 1, 0, 248),
(249, 21, 'in_action.chapter16', 'FillAcroForm2', 1, 0, 249),
(250, 21, 'in_action.chapter16', 'FillAcroForm3', 1, 0, 250),
(251, 21, 'in_action.chapter16', 'UnsignedSignatureField', 1, 0, 251),
(252, 21, 'in_action.chapter16', 'SignedSignatureField', 1, 0, 252),
(253, 21, 'in_action.chapter16', 'SignedPdf', 1, 0, 253),
(254, 22, 'in_action.chapter17', 'HelloWorldServlet', 0, 0, 254),
(255, 22, 'in_action.chapter17', 'OutSimplePdf', 0, 0, 255),
(256, 22, 'in_action.chapter17', 'helloworld.jsp', 0, 0, 256),
(257, 22, 'in_action.chapter17', 'user_agent.jsp', 0, 0, 257),
(258, 22, 'in_action.chapter17', 'ProgressServlet', 0, 0, 258),
(259, 22, 'in_action.chapter17', 'FoobarCourses', 0, 0, 259),
(260, 22, 'in_action.chapter17', 'FoobarLearningAgreement', 1, 0, 260),
(261, 23, 'in_action.chapter18', 'HelloWorld', 1, 0, 261),
(262, 23, 'in_action.chapter18', 'ClimbTheTree', 1, 0, 262),
(263, 23, 'in_action.chapter18', 'HelloWorldStream', 1, 0, 263),
(264, 23, 'in_action.chapter18', 'HelloWorldReverse', 1, 0, 264),
(265, 23, 'in_action.chapter18', 'HelloWorldStreamHack', 1, 0, 265),
(266, 23, 'in_action.chapter18', 'SilentPrinting', 1, 0, 266),
(267, 23, 'in_action.chapter18', 'ChangeURL', 1, 0, 267),
(268, 24, 'in_action.chapter05', 'Barcodes', 1, 0, 268),
(269, 24, 'in_action.chapterF', 'HelloWorldPdfX', 1, 0, 269),
(270, 24, 'in_action.chapterF', 'HelloWorldXmpMetadata', 1, 0, 270),
(271, 24, 'in_action.chapterF', 'HelloWorldXmpMetadata2', 1, 0, 271),
(272, 24, 'in_action.chapterF', 'HelloWorldReadMetadata', 1, 0, 272),
(273, 24, 'in_action.chapterF', 'HelloWorldAddMetadata', 1, 0, 273),
(274, 24, 'in_action.chapterF', 'MarkedContent', 1, 0, 274),
(275, 25, 'in_action.chapterX', 'ColumnTextExamples', 1, 0, 275),
(276, 25, 'in_action.chapterX', 'Kalligraphy', 1, 0, 276),
(277, 25, 'in_action.chapterX', 'NonBreakingSpace', 1, 0, 277),
(278, 25, 'in_action.chapterX', 'NonHyphenatingHyphen', 1, 0, 278),
(279, 25, 'in_action.chapterX', 'HelloWorldAddButton', 1, 0, 279),
(280, 25, 'in_action.chapterX', 'CellImageBackground', 1, 0, 280),
(281, 25, 'in_action.chapterX', 'FoobarTranscriptMerge', 1, 0, 281),
(282, 25, 'in_action.chapterX', 'HelloWorldUnicode', 1, 0, 282),
(283, 25, 'in_action.chapterX', 'GisExample', 1, 0, 283),
(284, 25, 'in_action.chapterX', 'NormalDistribution', 1, 0, 284),
(285, 25, 'in_action.chapterX', 'RotatePages', 1, 0, 285),
(286, 25, 'in_action.chapterX', 'TablesInColumns', 1, 0, 286),
(287, 25, 'in_action.chapterX', 'HelloWorldEncryptedAES', 1, 0, 287),
(288, 25, 'in_action.chapterX', 'EmbedFontPostFacto', 1, 0, 288),
(289, 25, 'in_action.chapterX', 'HelloWorldPackage', 1, 0, 289),
(290, 25, 'in_action.chapterX', 'ReplacePagesHack', 1, 0, 290),
(291, 25, 'in_action.chapterX', 'ReplacePagesHack2', 1, 0, 291),
(292, 25, 'in_action.chapterX', 'ReadOutLoud', 1, 0, 292),
(293, 25, 'in_action.chapterX', 'TooltipExample', 1, 0, 293),
(294, 25, 'in_action.chapterX', 'TooltipExample2', 1, 0, 294),
(295, 25, 'in_action.chapterX', 'TooltipExample3', 1, 0, 295),
(296, 25, 'in_action.chapterX', 'ExtractPageLabels', 1, 0, 296),
(297, 26, 'classroom.intro', 'HelloWorld01', 1, 0, 1),
(298, 26, 'classroom.intro', 'HelloWorld02', 1, 0, 2),
(299, 26, 'classroom.intro', 'HelloWorld03', 1, 0, 3),
(300, 26, 'classroom.intro', 'HelloWorld04', 1, 0, 4),
(301, 26, 'classroom.intro', 'HelloWorld05', 1, 0, 5),
(302, 26, 'classroom.intro', 'HelloWorld06', 1, 0, 6),
(303, 26, 'classroom.intro', 'HelloWorld07', 1, 0, 7),
(304, 26, 'classroom.intro', 'HelloWorld08', 1, 0, 8),
(305, 26, 'classroom.intro', 'HelloWorld09', 1, 0, 9),
(306, 26, 'classroom.intro', 'HelloWorld10', 1, 0, 10),
(307, 26, 'classroom.intro', 'HelloWorld11', 1, 0, 11),
(308, 26, 'classroom.intro', 'HelloWorld12', 1, 0, 12),
(309, 27, 'classroom.filmfestival_a', 'Movies01', 1, 0, 1),
(310, 27, 'classroom.filmfestival_a', 'Movies02', 1, 0, 2),
(311, 27, 'classroom.filmfestival_a', 'Movies03', 1, 0, 3),
(312, 27, 'classroom.filmfestival_a', 'Movies04', 1, 0, 4),
(313, 27, 'classroom.filmfestival_a', 'Movies05', 1, 0, 5),
(314, 27, 'classroom.filmfestival_a', 'Movies06', 1, 0, 6),
(315, 27, 'classroom.filmfestival_a', 'Movies07', 1, 0, 7),
(316, 27, 'classroom.filmfestival_a', 'Movies08', 1, 0, 8),
(317, 28, 'classroom.filmfestival_b', 'Movies09', 1, 0, 9),
(318, 28, 'classroom.filmfestival_b', 'Movies10', 1, 0, 10),
(319, 28, 'classroom.filmfestival_b', 'Movies11', 1, 0, 11),
(320, 28, 'classroom.filmfestival_b', 'Movies12', 1, 0, 12),
(321, 28, 'classroom.filmfestival_b', 'Movies13', 1, 0, 13),
(322, 28, 'classroom.filmfestival_b', 'Movies14', 1, 0, 14),
(323, 28, 'classroom.filmfestival_b', 'Movies15', 1, 0, 15),
(324, 29, 'classroom.filmfestival_c', 'Movies16', 1, 0, 16),
(325, 29, 'classroom.filmfestival_c', 'Movies17', 1, 0, 17),
(326, 29, 'classroom.filmfestival_c', 'Movies18', 1, 0, 18),
(327, 29, 'classroom.filmfestival_c', 'Movies19', 1, 0, 19),
(328, 29, 'classroom.filmfestival_c', 'Movies20', 1, 0, 20),
(329, 29, 'classroom.filmfestival_c', 'Movies21', 1, 0, 21),
(330, 29, 'classroom.filmfestival_c', 'Movies24', 1, 0, 24),
(331, 29, 'classroom.filmfestival_c', 'Movies22', 1, 0, 22),
(332, 29, 'classroom.filmfestival_c', 'Movies23', 1, 0, 23),
(333, 30, 'classroom.newspaper_a', 'Newspaper01', 1, 0, 1),
(334, 30, 'classroom.newspaper_a', 'Newspaper02', 1, 0, 2),
(335, 30, 'classroom.newspaper_a', 'Newspaper03', 1, 0, 3),
(336, 30, 'classroom.newspaper_a', 'Newspaper04', 1, 0, 4),
(337, 30, 'classroom.newspaper_a', 'Newspaper05', 1, 0, 5),
(338, 30, 'classroom.newspaper_a', 'Newspaper06', 1, 0, 6),
(339, 30, 'classroom.newspaper_a', 'Newspaper07', 1, 0, 7),
(340, 31, 'classroom.newspaper_b', 'Newspaper08', 1, 0, 8),
(341, 31, 'classroom.newspaper_b', 'Newspaper09', 1, 0, 9),
(342, 31, 'classroom.newspaper_b', 'Newspaper10', 1, 0, 10),
(343, 31, 'classroom.newspaper_b', 'Newspaper11', 1, 0, 11),
(344, 31, 'classroom.newspaper_b', 'Newspaper12', 1, 0, 12),
(345, 31, 'classroom.newspaper_b', 'Newspaper13', 1, 0, 13),
(346, 31, 'classroom.newspaper_b', 'Newspaper14', 1, 0, 14),
(347, 29, 'classroom.filmfestival_c', 'Movies25', 1, 0, 25),
(348, 365, 'questions.forms', 'FillEnabledForm', 1, 0, 20),
(349, 365, 'questions.forms', 'FillEnabledFormBreakEnabling', 1, 0, 21),
(350, 365, 'questions.forms', 'FillEnabledFormRemoveEnabling', 1, 0, 22),
(351, 366, 'questions.importpages', 'ExportArea', 1, 0, 50),
(352, 367, 'questions.separators', 'DottedGlue', 1, 0, 10),
(353, 367, 'questions.separators', 'PascalsTriangle', 1, 0, 20),
(354, 367, 'questions.separators', 'SeparatedWords1', 1, 0, 30),
(355, 367, 'questions.separators', 'SeparatedWords2', 1, 0, 40),
(356, 367, 'questions.separators', 'StarSeparators', 1, 0, 50),
(357, 367, 'questions.separators', 'LineSeparator1', 1, 0, 60),
(358, 367, 'questions.separators', 'LineSeparator2', 1, 0, 70),
(359, 367, 'questions.separators', 'LineSeparator3', 1, 0, 80),
(360, 367, 'questions.separators', 'PositionedMarks', 1, 0, 90),
(361, 367, 'questions.separators', 'TabbedWords1', 1, 0, 100),
(362, 367, 'questions.separators', 'TabbedWords2', 1, 0, 110),
(363, 367, 'questions.separators', 'TOCExample', 1, 0, 120),
(364, 368, 'questions.images', 'PostCard', 1, 0, 50),
(365, 366, 'questions.importpages', 'HelloWorldImportedPages', 1, 0, 10),
(366, 365, 'questions.forms', 'GetTextFields', 1, 0, 150),
(367, 369, 'questions.graphics2D', 'SplitCanvas', 1, 0, 50),
(368, 369, 'questions.graphics2D', 'SplitCanvasDifficult', 1, 0, 51),
(369, 369, 'questions.graphics2D', 'SplitCanvasEasy', 1, 0, 52),
(370, 372, 'questions.tables', 'RotateCell', 1, 0, 50),
(371, 369, 'questions.graphics2D', 'SwingForceArialUni', 1, 0, 20),
(372, 365, 'questions.forms', 'AddActionToField', 1, 0, 100),
(373, 365, 'questions.forms', 'KidsOnDifferentPages', 1, 0, 60),
(374, 365, 'questions.forms', 'RadioButtonsOnDifferentPages', 1, 0, 61),
(375, 364, 'questions.fonts', 'EncodingFont', 1, 0, 100),
(376, 371, 'questions.objects', 'MemoryTests', 1, 0, 150),
(377, 371, 'questions.objects', 'NestedList', 1, 0, 50),
(378, 370, 'questions.metadata', 'ReplaceXMP', 1, 0, 50),
(379, 373, 'questions.stamppages', 'PageXofYRightAligned', 1, 0, 50),
(380, 373, 'questions.stamppages', 'BookmarksToTOC1', 1, 0, 120),
(381, 373, 'questions.stamppages', 'BookmarksToTOC2', 1, 0, 121),
(382, 366, 'questions.importpages', 'ConcatenateWithTOC', 1, 0, 30),
(383, 366, 'questions.importpages', 'ConcatenateWithTOC2', 1, 0, 31),
(384, 372, 'questions.tables', 'TableHeaderAlternateBackground', 1, 0, 80),
(385, 374, 'questions.javascript', 'VersionChecker', 1, 0, 5),
(386, 374, 'questions.javascript', 'TriggerMenuButtons', 1, 0, 50),
(387, 372, 'questions.tables', 'AutomaticExtensionOfTables', 1, 0, 30),
(388, 368, 'questions.images', 'OverlappingImages', 1, 0, 60),
(389, 375, 'questions.ocg', 'LockedLayers', 1, 0, 80),
(390, 376, 'questions.directcontent', 'InterpretOCR', 1, 0, 150),
(391, 365, 'questions.forms', 'RemoveXfa', 1, 0, 30),
(392, 366, 'questions.importpages', 'ConcatenateMakeTOC', 1, 0, 29),
(393, 368, 'questions.images', 'PostCardExtra', 1, 0, 51),
(394, 371, 'questions.objects', 'NewPageColumns', 1, 0, 100),
(395, 372, 'questions.tables', 'AddTableAsHeaderFooter', 1, 0, 40),
(396, 372, 'questions.tables', 'TableColumns', 1, 0, 35),
(397, 371, 'questions.objects', 'DifferentLeadings', 1, 0, 30),
(398, 375, 'questions.ocg', 'StatusBars1', 1, 0, 120),
(399, 375, 'questions.ocg', 'StatusBars2', 1, 0, 121),
(400, 372, 'questions.tables', 'TablesWriteSelected', 1, 0, 36),
(401, 372, 'questions.tables', 'RotatedCells', 1, 0, 51),
(402, 369, 'questions.graphics2D', 'ArabicText', 1, 0, 25),
(403, 377, 'questions.compression', 'CompressionLevelsWriter', 1, 0, 10),
(404, 377, 'questions.compression', 'CompressionLevelsImage', 1, 0, 20),
(405, 377, 'questions.compression', 'CompressionLevelsFonts', 1, 0, 30),
(406, 377, 'questions.compression', 'CompressionLevelsEmbeddedFiles', 1, 0, 40),
(407, 378, 'questions.encryption', 'HelloWorldFullyEncrypted', 1, 0, 10),
(408, 378, 'questions.encryption', 'HelloWorldMetadataNotEncrypted', 1, 0, 20),
(409, 365, 'questions.forms', 'MultipleChoice', 1, 0, 50),
(410, 370, 'questions.metadata', 'UpdateModDate', 1, 0, 40),
(411, 368, 'questions.images', 'MakingImageTransparent', 1, 0, 61),
(412, 365, 'questions.forms', 'AddFieldToExistingForm', 1, 0, 10),
(413, 368, 'questions.images', 'TransparentEllipse1', 1, 0, 55),
(414, 368, 'questions.images', 'TransparentEllipse2', 1, 0, 56),
(415, 373, 'questions.stamppages', 'AddCropbox', 1, 0, 200),
(416, 379, 'rtf.intro', 'RTFHelloWorld1', 1, 0, 1),
(417, 372, 'questions.tables', 'TableAndHTMLWorker', 1, 0, 120),
(418, 365, 'questions.forms', 'MultipleChoice2', 1, 0, 51),
(419, 366, 'questions.importpages', 'NameCard', 1, 0, 70),
(420, 366, 'questions.importpages', 'NameCards', 1, 0, 71),
(421, 368, 'questions.images', 'ResizeImage', 1, 0, 80),
(422, 371, 'questions.objects', 'ChaptersAndMemory', 1, 0, 155),
(423, 373, 'questions.stamppages', 'CertificationSig', 1, 0, 250),
(424, 376, 'questions.directcontent', 'Logo', 1, 0, 20),
(425, 377, 'questions.compression', 'ZipPdfFiles', 1, 0, 60),
(426, 380, 'rtf.shapes', 'RTFShapeTextWrap', 1, 0, 20),
(427, 375, 'questions.ocg', 'AddOptionalWatermark', 1, 0, 100),
(428, 381, 'questions.markedcontent', 'ObjectData', 1, 0, 30),
(429, 373, 'questions.stamppages', 'IncreaseMediabox', 1, 0, 190),
(430, 365, 'questions.forms', 'ReadXfa', 1, 0, 25),
(431, 373, 'questions.stamppages', 'ChangeViewerPreferences', 1, 0, 150),
(432, 373, 'questions.stamppages', 'RemoveAttachmentAnnotations', 1, 0, 225),
(433, 365, 'questions.forms', 'FillDynamicXfa', 1, 0, 35),
(434, 368, 'questions.images', 'TransparentPng', 1, 0, 30),
(435, 365, 'questions.forms', 'FormWithTooltips', 1, 0, 5),
(436, 365, 'questions.forms', 'ChangeTextFieldAlignment', 1, 0, 15),
(437, 371, 'questions.objects', 'NestingLists', 1, 0, 48);

-- --------------------------------------------------------

-- 
-- Table structure for table `fonts`
-- 

CREATE TABLE `fonts` (
  `id` int(11) NOT NULL auto_increment,
  `fontfile` varchar(20) NOT NULL default '',
  `fontname` varchar(80) NOT NULL default '',
  PRIMARY KEY  (`id`)
) ENGINE=MyISAM AUTO_INCREMENT=13 DEFAULT CHARSET=latin1 AUTO_INCREMENT=13 ;

-- 
-- Dumping data for table `fonts`
-- 

INSERT INTO `fonts` (`id`, `fontfile`, `fontname`) VALUES (1, 'ARBLI___.ttf', 'Arial Black Italic'),
(2, 'arialbd.ttf', 'Arial Bold'),
(3, 'comic.ttf', 'Comic Sans'),
(4, 'msgothic.ttc', 'MS Gothic, MS PGothic, and MS UI Gothic'),
(5, 'arial.ttf', 'Arial'),
(6, 'arialuni.ttf', 'Arial Unicode'),
(7, 'angsa.ttf', 'Angsana New'),
(8, 'cour.ttf', 'Courier New'),
(9, 'gara.ttf', 'Garamond'),
(10, 'garabd.ttf', 'Garamond Bold'),
(11, 'garait.ttf', 'Garamond Italic'),
(12, 'webdings.ttf', 'Webdings');

-- --------------------------------------------------------

-- 
-- Table structure for table `fonts_link`
-- 

CREATE TABLE `fonts_link` (
  `example_id` int(11) NOT NULL default '0',
  `font_id` int(11) NOT NULL default '0',
  KEY `example_id` (`example_id`)
) ENGINE=MyISAM DEFAULT CHARSET=latin1;

-- 
-- Dumping data for table `fonts_link`
-- 

INSERT INTO `fonts_link` (`example_id`, `font_id`) VALUES (138, 1),
(140, 2),
(141, 3),
(144, 4),
(146, 2),
(147, 6),
(148, 7),
(148, 6),
(149, 5),
(149, 8),
(150, 5),
(150, 8),
(151, 5),
(152, 6),
(153, 5),
(153, 9),
(153, 10),
(153, 11),
(154, 7),
(154, 9),
(154, 10),
(154, 11),
(157, 6),
(188, 9),
(191, 6),
(200, 12),
(201, 12),
(282, 6),
(371, 6),
(375, 5),
(402, 6);

-- --------------------------------------------------------

-- 
-- Table structure for table `helpers`
-- 

CREATE TABLE `helpers` (
  `id` int(11) NOT NULL auto_increment,
  `directory` varchar(50) NOT NULL,
  `name` varchar(40) NOT NULL default '',
  PRIMARY KEY  (`id`)
) ENGINE=MyISAM AUTO_INCREMENT=35 DEFAULT CHARSET=latin1 AUTO_INCREMENT=35 ;

-- 
-- Dumping data for table `helpers`
-- 

INSERT INTO `helpers` (`id`, `directory`, `name`) VALUES (1, 'in_action/chapter10', 'FoobarSvgHandler'),
(2, 'in_action/chapter11', 'FoobarSvgTextHandler'),
(3, 'in_action/chapter12', 'SunTutorialExample'),
(4, 'in_action/chapter14', 'SimpleLetter'),
(5, 'in_action/chapter13', 'CourseCatalogBookmarked'),
(6, 'in_action/chapter16', 'RegisterForm1'),
(7, 'in_action/chapter16', 'UnsignedSignatureField'),
(8, 'in_action/chapter02', 'HelloWorldForm'),
(9, 'in_action/chapterX', 'FoobarTranscriptOfRecords'),
(10, 'in_action/chapterX', 'FoobarTranscriptOfRecordsFR'),
(11, 'in_action/chapter02', 'HelloWorldCopy'),
(12, 'in_action/chapterX', 'Page'),
(13, 'in_action/chapterX', 'ReplacePagesHack'),
(14, 'in_action/chapter17', 'FoobarLearningAgreement'),
(15, 'classroom/filmfestival_c', 'AbstractMovies'),
(16, 'classroom/filmfestival_c', 'AbstractAccreditation'),
(17, 'classroom/filmfestival_c', 'AccreditationData'),
(18, 'classroom/filmfestival_c', 'Movies17'),
(19, 'classroom/filmfestival_c', 'Movies19'),
(20, 'classroom/filmfestival_c', 'Movies18'),
(21, 'classroom/filmfestival_c', 'Movies20'),
(23, 'classroom/filmfestival_c', 'Movies22'),
(25, 'classroom/filmfestival_b', 'Movies14'),
(26, 'classroom/newspaper_a', 'Newspaper'),
(28, 'classroom/newspaper', 'Newspaper'),
(29, 'classroom/newspaper_b', 'Newspaper11'),
(30, 'classroom/newspaper_b', 'Newspaper13'),
(31, 'questions/stamppages', 'ParagraphBookmarkEvents'),
(32, 'questions/tables', 'AlternateBackground'),
(33, 'questions/importpages', 'NameCard');

-- --------------------------------------------------------

-- 
-- Table structure for table `helpers_link`
-- 

CREATE TABLE `helpers_link` (
  `example_id` int(11) NOT NULL default '0',
  `helper_id` int(11) NOT NULL default '0',
  KEY `example_id` (`example_id`)
) ENGINE=MyISAM DEFAULT CHARSET=latin1;

-- 
-- Dumping data for table `helpers_link`
-- 

INSERT INTO `helpers_link` (`example_id`, `helper_id`) VALUES (173, 1),
(186, 1),
(186, 2),
(188, 3),
(229, 4),
(234, 5),
(248, 6),
(250, 6),
(252, 7),
(279, 8),
(281, 9),
(281, 10),
(182, 8),
(289, 11),
(290, 12),
(291, 13),
(291, 12),
(281, 14),
(327, 15),
(326, 18),
(328, 19),
(328, 15),
(329, 20),
(329, 18),
(329, 21),
(329, 19),
(329, 15),
(331, 16),
(332, 23),
(332, 16),
(332, 17),
(323, 25),
(333, 26),
(334, 26),
(335, 26),
(336, 26),
(337, 26),
(338, 26),
(339, 26),
(340, 26),
(341, 26),
(342, 26),
(343, 26),
(344, 29),
(344, 26),
(345, 26),
(346, 30),
(346, 26),
(380, 31),
(381, 31),
(384, 32),
(420, 33),
(324, 15),
(325, 15);

-- --------------------------------------------------------

-- 
-- Table structure for table `jars`
-- 

CREATE TABLE `jars` (
  `id` int(11) NOT NULL auto_increment,
  `jar` varchar(40) NOT NULL default '',
  PRIMARY KEY  (`id`)
) ENGINE=MyISAM AUTO_INCREMENT=37 DEFAULT CHARSET=latin1 AUTO_INCREMENT=37 ;

-- 
-- Dumping data for table `jars`
-- 

INSERT INTO `jars` (`id`, `jar`) VALUES (1, 'itext-hyph-xml.jar'),
(2, 'iTextAsian.jar'),
(3, 'jfreechart.jar'),
(4, 'jcommon.jar'),
(5, 'batik-awt-util.jar'),
(6, 'batik-bridge.jar'),
(7, 'batik-css.jar'),
(8, 'batik-util.jar'),
(9, 'batik-ext.jar'),
(10, 'batik-gvt.jar'),
(11, 'batik-dom.jar'),
(12, 'batik-parser.jar'),
(13, 'batik-script.jar'),
(14, 'batik-svg-dom.jar'),
(15, 'batik-xml.jar'),
(16, 'bcmail-jdk14-138.jar'),
(17, 'bcprov-jdk14-138.jar'),
(18, 'iText-toolbox.jar'),
(19, 'iText-rtf.jar'),
(20, 'xerces_2_5_0.jar'),
(21, 'servlet.jar'),
(22, 'antlr-2.7.6rc1.jar'),
(23, 'asm.jar'),
(24, 'asm-attrs.jar'),
(25, 'cglib-2.1.3.jar'),
(26, 'commons-collections-2.1.1.jar'),
(27, 'commons-logging-1.0.4.jar'),
(28, 'concurrent-1.3.2.jar'),
(29, 'dom4j-1.6.1.jar'),
(30, 'ehcache-1.1.jar'),
(31, 'hibernate3.jar'),
(32, 'hsqldb.jar'),
(33, 'iText-rups.jar'),
(34, 'iText-testdatabase.jar'),
(35, 'jta.jar'),
(36, 'log4j-1.2.11.jar');

-- --------------------------------------------------------

-- 
-- Table structure for table `jars_link`
-- 

CREATE TABLE `jars_link` (
  `example_id` int(11) NOT NULL default '0',
  `jar_id` int(11) NOT NULL default '0',
  KEY `example_id` (`example_id`)
) ENGINE=MyISAM DEFAULT CHARSET=latin1;

-- 
-- Dumping data for table `jars_link`
-- 

INSERT INTO `jars_link` (`example_id`, `jar_id`) VALUES (61, 1),
(142, 2),
(145, 2),
(156, 2),
(189, 2),
(194, 3),
(194, 4),
(200, 5),
(200, 6),
(200, 7),
(200, 8),
(200, 9),
(200, 10),
(200, 11),
(200, 12),
(200, 13),
(200, 14),
(200, 15),
(201, 5),
(201, 6),
(201, 7),
(201, 8),
(201, 9),
(201, 10),
(201, 11),
(201, 12),
(201, 13),
(201, 14),
(201, 15),
(287, 16),
(287, 17),
(42, 16),
(42, 17),
(43, 16),
(43, 17),
(2, 18),
(206, 18),
(227, 18),
(15, 19),
(11, 19),
(112, 19),
(200, 20),
(201, 20),
(252, 16),
(253, 16),
(252, 17),
(253, 17),
(254, 21),
(255, 21),
(259, 21),
(258, 21),
(254, 19),
(300, 16),
(300, 17),
(309, 31),
(309, 36),
(309, 34),
(309, 29),
(309, 27),
(309, 26),
(309, 25),
(309, 32),
(309, 30),
(309, 35),
(309, 22),
(309, 24),
(309, 23),
(310, 34),
(310, 29),
(310, 27),
(310, 26),
(310, 25),
(310, 32),
(310, 30),
(310, 35),
(310, 22),
(310, 24),
(310, 23),
(311, 34),
(311, 29),
(311, 27),
(311, 26),
(311, 25),
(311, 32),
(311, 30),
(311, 35),
(311, 22),
(311, 24),
(311, 23),
(312, 34),
(312, 29),
(312, 27),
(312, 26),
(312, 25),
(312, 32),
(312, 30),
(312, 35),
(312, 22),
(312, 24),
(312, 23),
(313, 34),
(313, 29),
(313, 27),
(313, 26),
(313, 25),
(313, 32),
(313, 30),
(313, 35),
(313, 22),
(313, 24),
(313, 23),
(314, 34),
(314, 29),
(314, 27),
(314, 26),
(314, 25),
(314, 32),
(314, 30),
(314, 35),
(314, 22),
(314, 24),
(314, 23),
(315, 34),
(315, 29),
(315, 27),
(315, 26),
(315, 25),
(315, 32),
(315, 30),
(315, 35),
(315, 22),
(315, 24),
(315, 23),
(316, 34),
(316, 29),
(316, 27),
(316, 26),
(316, 25),
(316, 32),
(316, 30),
(316, 35),
(316, 22),
(316, 24),
(316, 23),
(317, 34),
(317, 29),
(317, 27),
(317, 26),
(317, 25),
(317, 32),
(317, 30),
(317, 35),
(317, 22),
(317, 24),
(317, 23),
(318, 34),
(318, 29),
(318, 27),
(318, 26),
(318, 25),
(318, 32),
(318, 30),
(318, 35),
(318, 22),
(318, 24),
(318, 23),
(319, 34),
(319, 29),
(319, 27),
(319, 26),
(319, 25),
(319, 32),
(319, 30),
(319, 35),
(319, 22),
(319, 24),
(319, 23),
(320, 34),
(320, 29),
(320, 27),
(320, 26),
(320, 25),
(320, 32),
(320, 30),
(320, 35),
(320, 22),
(320, 24),
(320, 23),
(321, 34),
(321, 29),
(321, 27),
(321, 26),
(321, 25),
(321, 32),
(321, 30),
(321, 35),
(321, 22),
(321, 24),
(321, 23),
(322, 34),
(322, 29),
(322, 27),
(322, 26),
(322, 25),
(322, 32),
(322, 30),
(322, 35),
(322, 22),
(322, 24),
(322, 23),
(323, 34),
(323, 29),
(323, 27),
(323, 26),
(323, 25),
(323, 32),
(323, 30),
(323, 35),
(323, 22),
(323, 24),
(323, 23),
(324, 34),
(324, 29),
(324, 27),
(324, 26),
(324, 25),
(324, 32),
(324, 30),
(324, 35),
(324, 22),
(324, 24),
(324, 23),
(325, 34),
(325, 29),
(325, 27),
(325, 26),
(325, 25),
(325, 32),
(325, 30),
(325, 35),
(325, 22),
(325, 24),
(325, 23),
(326, 34),
(326, 29),
(326, 27),
(326, 26),
(326, 25),
(326, 32),
(326, 30),
(326, 35),
(326, 22),
(326, 24),
(326, 23),
(327, 34),
(327, 29),
(327, 27),
(327, 26),
(327, 25),
(327, 32),
(327, 30),
(327, 35),
(327, 22),
(327, 24),
(327, 23),
(328, 34),
(328, 29),
(328, 27),
(328, 26),
(328, 25),
(328, 32),
(328, 30),
(328, 35),
(328, 22),
(328, 24),
(328, 23),
(329, 34),
(329, 29),
(329, 27),
(329, 26),
(329, 25),
(329, 32),
(329, 30),
(329, 35),
(329, 22),
(329, 24),
(329, 23),
(330, 34),
(330, 29),
(330, 27),
(330, 26),
(330, 25),
(330, 32),
(330, 30),
(330, 35),
(330, 22),
(330, 24),
(330, 23),
(330, 31),
(330, 36),
(329, 31),
(329, 36),
(328, 36),
(328, 31),
(327, 36),
(327, 31),
(326, 36),
(326, 31),
(325, 36),
(325, 31),
(324, 36),
(324, 31),
(323, 36),
(323, 31),
(322, 36),
(322, 31),
(321, 36),
(321, 31),
(320, 36),
(320, 31),
(319, 31),
(319, 36),
(318, 31),
(318, 36),
(317, 36),
(317, 31),
(316, 36),
(316, 31),
(315, 36),
(315, 31),
(314, 36),
(314, 31),
(313, 36),
(313, 31),
(312, 36),
(312, 31),
(311, 36),
(311, 31),
(310, 36),
(310, 31),
(347, 31),
(347, 32),
(347, 22),
(347, 23),
(347, 24),
(347, 25),
(347, 26),
(347, 27),
(347, 29),
(347, 30),
(347, 34),
(347, 35),
(347, 36),
(416, 19),
(426, 19);

-- --------------------------------------------------------

-- 
-- Table structure for table `keywords`
-- 

CREATE TABLE `keywords` (
  `id` int(11) NOT NULL auto_increment,
  `keyword` varchar(50) NOT NULL,
  `parent` int(11) NOT NULL default '1',
  `see` int(11) NOT NULL default '1',
  PRIMARY KEY  (`id`)
) ENGINE=InnoDB DEFAULT CHARSET=latin1 AUTO_INCREMENT=719 ;

-- 
-- Dumping data for table `keywords`
-- 

INSERT INTO `keywords` (`id`, `keyword`, `parent`, `see`) VALUES (1, '', -1, -1),
(2, 'Background color', 1, 1),
(3, 'page', 2, 1),
(4, 'Burst', 1, 1),
(5, 'Hello World', 1, 1),
(6, 'iText', 1, 1),
(7, 'iText toolbox', 6, 1),
(8, 'Page size', 1, 1),
(9, 'A4', 8, 1),
(10, 'Landscape', 8, 1),
(11, 'Letter', 8, 1),
(12, 'Portrait', 8, 1),
(13, 'Page margins', 1, 1),
(14, 'margins', 8, 13),
(15, 'Portrait', 1, 12),
(16, 'Split', 1, 1),
(17, 'PDF creation', 1, 1),
(18, 'Toolbox', 1, 7),
(19, 'PdfStamper', 1, 1),
(20, 'PdfCopy', 1, 1),
(22, 'PdfLayer', 1, 23),
(23, 'Optional Content Groups', 1, 1),
(24, 'OCG', 1, 23),
(25, 'Open Office', 1, 1),
(26, 'Landscape', 1, 10),
(27, 'mirroring', 13, 1),
(28, 'Mirrored margins', 1, 27),
(29, 'RtfWriter2', 1, 31),
(30, 'RTF', 1, 1),
(31, 'creation', 30, 1),
(32, 'HTML', 1, 1),
(33, 'creation', 32, 1),
(34, 'HtmlWriter', 1, 32),
(35, 'OutputStream', 45, 1),
(36, 'Version', 1, 1),
(37, 'PDF version', 36, 1),
(38, 'iText version', 36, 1),
(39, 'Java version', 36, 1),
(40, 'Graphics2D', 1, 1),
(41, 'java.awt.Graphics2D', 1, 40),
(42, 'PdfGraphics2D', 1, 40),
(43, 'Opening the document', 1, 1),
(44, 'step 3', 1, 43),
(45, 'step 2', 1, 1),
(46, 'PdfWriter', 1, 1),
(47, 'RtfWriter2', 45, 31),
(48, 'HtmlWriter', 45, 33),
(49, 'PdfWriter', 45, 46),
(50, 'Document', 1, 1),
(51, 'object', 50, 1),
(52, 'step 1', 1, 51),
(53, 'PdfReader', 1, 1),
(54, 'retrieving document information', 53, 1),
(55, 'retrieving number of pages', 53, 1),
(56, 'rotation', 8, 1),
(57, 'memory use', 53, 1),
(58, 'Bookmarks', 1, 1),
(59, 'Outlines', 1, 58),
(60, 'SimpleBookmark', 1, 1),
(61, 'XMP', 1, 1),
(62, 'Metadata', 1, 1),
(63, 'extensible metadata platform', 62, 61),
(64, 'retrieving metadata', 62, 1),
(65, 'changing metadata', 62, 1),
(66, 'Interactive forms', 1, 1),
(67, 'AcroForm', 66, 1),
(68, 'Acrobat Forms', 1, 67),
(69, 'XFA', 66, 1),
(70, 'XFA forms', 1, 69),
(71, 'fill out', 66, 1),
(72, 'AcroFields', 1, 1),
(73, 'Watermark', 1, 1),
(74, 'Existing PDF files', 1, 1),
(75, 'forms', 74, 71),
(76, 'adding content', 74, 1),
(77, 'rotated pages', 74, 1),
(78, 'inserting pages', 74, 1),
(79, 'Inserting pages', 1, 78),
(80, 'update existing bookmarks', 58, 1),
(81, 'Import pages', 1, 1),
(82, 'with PdfStamper', 81, 1),
(83, 'adding annotations', 74, 1),
(84, 'with PdfWriter', 81, 1),
(85, 'page wrapped in an image', 81, 1),
(86, 'addTemplate', 1, 1),
(87, 'Chunk', 1, 1),
(88, 'with PdfCopy', 81, 20),
(89, 'Select pages', 1, 1),
(90, 'with PdfCopy', 89, 1),
(91, 'with PdfStamper', 89, 1),
(92, 'PdfCopyFields', 1, 1),
(93, 'flatten', 66, 1),
(94, 'Form flattening', 1, 93),
(95, 'Flattening forms', 1, 93),
(96, 'Multiple passes', 1, 1),
(97, 'in multiple passes', 17, 1),
(98, 'Creating PDF', 1, 17),
(99, 'renaming fields', 66, 1),
(100, 'Renaming form fields', 1, 99),
(101, 'flatten partially', 66, 1),
(102, 'User unit', 1, 1),
(103, 'Compression', 1, 1),
(104, 'Decompress', 1, 1),
(105, 'Encryption', 1, 1),
(106, 'standard encryption', 105, 1),
(107, 'Decrypt', 1, 1),
(108, 'encrypt', 74, 1),
(109, 'decrypt', 74, 107),
(110, 'document permissions', 105, 1),
(111, 'Subscript', 1, 1),
(112, 'Superscript', 1, 1),
(113, 'background color', 87, 1),
(114, 'Underline', 1, 1),
(115, 'underline', 87, 1),
(116, 'Phrase', 1, 1),
(117, 'Leading', 1, 1),
(118, 'Paragraph', 1, 1),
(119, 'Anchor', 1, 1),
(120, 'Text fields', 1, 1),
(121, 'external', 575, 1),
(122, 'internal', 575, 1),
(123, 'List', 1, 1),
(124, 'ListItem', 1, 1),
(125, 'ordered list', 123, 1),
(126, 'list symbol', 123, 1),
(127, 'unordered list', 123, 1),
(128, 'roman list', 123, 1),
(129, 'greek list', 123, 1),
(130, 'zapfdingbats list', 123, 1),
(131, 'Chapter', 1, 1),
(132, 'Section', 1, 1),
(133, 'creation with Chapter/Section', 58, 1),
(134, 'autonumbered chapters', 131, 1),
(135, 'scaling', 87, 1),
(136, 'Scaling', 1, 1),
(137, 'scaling text', 136, 1),
(138, 'width of a Chunk', 87, 1),
(139, 'Measuring', 1, 1),
(140, 'measuring text', 139, 1),
(141, 'Lines', 1, 1),
(142, 'line cap', 141, 1),
(143, 'skewing', 87, 1),
(144, 'Italic', 1, 1),
(145, 'simulating italic', 144, 1),
(146, 'text color', 87, 1),
(147, 'Color', 1, 1),
(148, 'text color', 147, 1),
(149, 'rendering mode', 87, 1),
(150, 'Rendering', 1, 1),
(151, 'text rendering mode', 150, 1),
(152, 'Bold', 1, 1),
(153, 'simulating bold', 152, 1),
(154, 'splitting lines', 16, 155),
(155, 'Split character', 1, 1),
(156, 'Hyphenation', 1, 1),
(157, 'splitting chunks', 87, 1),
(158, 'hyphenation', 16, 156),
(159, 'hyphenation', 87, 1),
(160, 'Space Character ratio', 1, 1),
(161, 'URL', 1, 1),
(162, 'Remote go to', 1, 121),
(163, 'Local go to', 1, 122),
(164, 'Local destination', 1, 1),
(165, 'Action', 1, 1),
(166, 'URL', 165, 1),
(167, 'generic tag', 87, 1),
(168, 'Index', 1, 1),
(169, 'parsing HTML', 32, 1),
(170, 'JPEG', 1, 1),
(171, 'GIF', 1, 1),
(172, 'PNG', 1, 1),
(173, 'TIFF', 1, 1),
(174, 'WMF', 1, 1),
(175, 'BMP', 1, 1),
(176, 'Bitmap image', 1, 175),
(177, 'Windows Meta File', 1, 174),
(178, 'multi page TIFF', 173, 1),
(179, 'animated gif', 171, 1),
(180, 'EAN', 195, 1),
(181, 'Image', 1, 1),
(182, 'AWT', 181, 1),
(183, 'AWT', 1, 1),
(184, 'image', 183, 1),
(185, 'convert AWT image to JPG', 170, 1),
(186, 'Raw image', 1, 1),
(187, 'raw image', 181, 1),
(188, 'JPG', 1, 170),
(189, 'JPEG', 181, 170),
(190, 'GIF', 181, 171),
(191, 'PNG', 181, 172),
(192, 'TIFF', 181, 173),
(193, 'WMF', 181, 174),
(194, 'BMP', 181, 175),
(195, 'Barcode', 1, 1),
(196, 'EAN', 1, 195),
(197, 'UPCA', 195, 1),
(198, 'UPCE', 195, 1),
(199, 'EAN8', 195, 1),
(200, 'EAN13', 195, 1),
(201, 'Bookland', 195, 1),
(202, 'Bookland', 1, 201),
(203, 'Code128', 195, 1),
(204, 'Interleaved 2 of 5', 195, 1),
(205, 'Postnet', 195, 1),
(206, 'Planet', 195, 1),
(207, '3 of 9', 195, 1),
(208, 'Codabar', 195, 1),
(209, 'PDF417', 195, 1),
(210, 'Codabar', 1, 208),
(211, 'Code128', 1, 203),
(212, 'Interleaved 2 of 5', 1, 204),
(213, 'PDF417', 1, 209),
(214, 'PLANET', 1, 206),
(215, 'POSTNET', 1, 205),
(216, 'UPC', 1, 197),
(217, 'USPS', 1, 205),
(218, 'alignment', 181, 1),
(219, 'Alignment', 1, 1),
(220, 'images', 219, 1),
(221, 'text', 219, 1),
(222, 'wrapping images and text', 181, 1),
(223, 'image chunk', 181, 1),
(224, 'image chunk', 87, 223),
(225, 'Rectangle', 1, 1),
(226, 'image rectangle', 225, 1),
(227, 'image sequence', 181, 1),
(228, 'SVG', 1, 1),
(229, 'SVG', 181, 228),
(230, 'border color', 181, 1),
(231, 'border width', 181, 1),
(232, 'Border width', 1, 1),
(233, 'image border width', 261, 231),
(234, 'image border color', 232, 230),
(235, 'Absolute positioning', 1, 1),
(236, 'images', 235, 1),
(237, 'absolute positioning', 181, 1),
(238, 'scaling', 181, 1),
(239, 'scaling images', 136, 1),
(240, 'Rotation', 1, 1),
(241, 'rotating pages', 240, 1),
(242, 'rotating images', 240, 1),
(243, 'rotating images', 181, 1),
(244, 'image mask', 181, 1),
(245, 'Transparency', 1, 1),
(246, 'image mask', 245, 244),
(247, 'Clipping', 1, 1),
(248, 'using an image mask', 247, 244),
(249, 'Tables', 1, 1),
(250, 'PdfPTable', 1, 1),
(251, 'PdfPTable', 249, 250),
(252, 'old Table class', 249, 1),
(253, 'tables', 219, 1),
(254, 'table alignment', 250, 1),
(255, 'table width', 250, 1),
(256, 'PdfPCell', 1, 1),
(257, 'Cell', 1, 256),
(258, 'column widths', 250, 1),
(259, 'cell width', 256, 258),
(260, 'spacing before/after', 250, 1),
(261, 'Border color', 1, 1),
(262, 'cell border width', 256, 1),
(263, 'cell border color', 256, 1),
(264, 'border color', 250, 263),
(265, 'border width', 250, 262),
(266, 'table border width', 232, 262),
(267, 'table border color', 261, 263),
(268, 'vertical alignment', 256, 1),
(269, 'horizontal alignment', 256, 1),
(270, 'leading', 256, 1),
(271, 'spacing', 256, 1),
(272, 'cell content', 117, 1),
(273, 'column content', 117, 1),
(274, 'paragraphs', 117, 1),
(275, 'fixed height cells', 256, 1),
(276, 'wrapping content', 256, 1),
(277, 'rotation content', 256, 1),
(278, 'rotating cells', 240, 1),
(279, 'nesting tables', 250, 1),
(280, 'tables', 235, 1),
(281, 'rotated content', 250, 277),
(282, 'cells containing tables', 256, 279),
(283, 'image cell', 256, 1),
(284, 'image cell', 181, 283),
(285, 'splitting cells', 256, 1),
(286, 'splitting tables', 250, 1),
(287, 'repeating headers/footers', 250, 1),
(288, 'Memory use', 1, 1),
(289, 'PdfReader', 288, 57),
(290, 'Headers / Footers', 1, 1),
(291, 'Footers', 1, 290),
(292, 'table headers/footers', 290, 1),
(293, 'memory use', 250, 1),
(294, 'tables', 288, 1),
(295, 'absolute positioning', 250, 1),
(296, 'writeSelectedRows', 1, 1),
(297, 'splitting tables', 16, 286),
(298, 'SimpleTable', 249, 1),
(299, 'XML', 1, 1),
(300, 'TXT2PDF', 1, 1),
(301, 'Y coordinate', 1, 1),
(302, 'Vertical Position', 1, 301),
(303, 'Cursor', 1, 301),
(304, 'ColumnText', 1, 1),
(305, 'Columns', 1, 304),
(306, 'MultiColumnText', 1, 1),
(307, 'automating columns', 305, 306),
(308, 'text mode', 304, 1),
(309, 'composite mode', 304, 1),
(310, 'throw away content', 304, 1),
(311, 'text mode', 256, 1),
(312, 'composite mode', 256, 1),
(313, 'Text mode', 1, 1),
(314, 'columns', 313, 308),
(315, 'tables', 313, 311),
(316, 'Composite mode', 1, 1),
(317, 'columns', 316, 309),
(318, 'tables', 316, 312),
(319, 'properties', 304, 1),
(320, 'lines written', 141, 1),
(321, 'irregular columns', 304, 1),
(322, 'mixed content', 304, 1),
(323, 'irregular columns', 306, 1),
(324, 'Fonts', 1, 1),
(325, 'Font class', 324, 1),
(326, 'BaseFont class', 324, 1),
(327, 'BaseFont', 1, 326),
(328, 'Type 1 fonts', 1, 1),
(329, 'standard type 1 fonts', 328, 1),
(330, 'Base14 fonts', 1, 329),
(331, 'Courier', 1, 1),
(332, 'Monospaced font', 1, 1),
(333, 'courier', 332, 331),
(334, 'Helvetica', 1, 1),
(335, 'Times Roman', 1, 1),
(336, 'Symbol', 1, 1),
(337, 'font', 336, 1),
(338, 'list symbol', 336, 126),
(339, 'Zapfdingbats', 1, 1),
(340, 'ascent / descent', 324, 1),
(341, 'Ascent', 1, 340),
(342, 'Descent', 1, 340),
(343, 'calculate from Font', 330, 1),
(344, 'AFM', 1, 1),
(345, 'Adobe Font Metrics', 1, 344),
(346, 'AFM', 324, 344),
(347, 'not embedded', 324, 1),
(348, 'PFB', 1, 1),
(349, 'Postscript Font Binary', 1, 348),
(350, 'Postscript fonts', 1, 328),
(351, 'embedded fonts', 324, 1),
(352, 'Embedded fonts', 1, 351),
(353, 'PFM', 1, 1),
(354, 'Printer Font Metric', 1, 353),
(355, 'PFM', 324, 353),
(356, 'PFB', 324, 348),
(357, 'Type 3 fonts', 1, 1),
(358, 'Type 1 fonts', 324, 328),
(359, 'Type 3 fonts', 324, 357),
(360, 'True Type fonts', 1, 1),
(361, 'TTF', 1, 360),
(362, 'TTF', 324, 360),
(363, 'Open Type fonts', 1, 1),
(364, 'OTF', 1, 363),
(365, 'OTF', 324, 363),
(366, 'with True Type outlines', 363, 1),
(367, 'with Type 1 outlines', 363, 1),
(368, 'open type fonts', 360, 366),
(369, 'true type collections', 360, 1),
(370, 'TTC', 1, 369),
(371, 'font names', 324, 1),
(372, 'Compact Font Format', 1, 1),
(373, 'CFF', 1, 372),
(374, 'CFF', 324, 372),
(375, 'encoding', 324, 1),
(376, 'Encoding', 1, 1),
(377, 'font encoding', 376, 375),
(378, 'CJK fonts', 1, 1),
(379, 'CJK', 324, 378),
(380, 'Chinese Japanese Korean', 1, 378),
(381, 'Type 0 CID Font', 1, 1),
(382, 'Type 2 CID Font', 1, 1),
(383, 'CID Fonts', 1, 1),
(384, 'Type 0', 383, 381),
(385, 'Type 2', 383, 382),
(386, 'CID fonts', 324, 383),
(387, 'Composite fonts', 1, 1),
(388, 'composite fonts', 324, 387),
(389, 'TTC', 324, 369),
(390, 'Vertical text', 1, 1),
(391, 'vertical text', 324, 390),
(392, 'Right to Left text', 1, 1),
(393, 'right to left', 324, 392),
(394, 'Diacritics', 1, 1),
(395, 'Ligatures', 1, 1),
(396, 'Character advance', 1, 1),
(397, 'char advance', 324, 396),
(398, 'Character widths', 1, 1),
(399, 'char widths', 324, 398),
(400, 'Hebrew', 1, 1),
(401, 'Arabic', 1, 1),
(402, 'ligatures', 324, 395),
(403, 'diacritics', 324, 394),
(404, 'FontFactory', 1, 1),
(405, 'font factory', 324, 404),
(406, 'substitution in fonts', 336, 1),
(407, 'Font selection', 1, 1),
(408, 'automated font selection', 324, 407),
(409, 'Graphics state', 1, 1),
(410, 'graphics operators', 412, 1),
(411, 'PdfContentByte', 1, 410),
(412, 'Direct content', 1, 1),
(413, 'existing PDFs', 412, 1),
(414, 'drawing lines', 141, 1),
(415, 'drawing curves/circles', 141, 1),
(416, 'Circles', 1, 415),
(417, 'Bézier curves', 1, 1),
(418, 'drawing rectangles', 225, 1),
(419, 'Layers', 1, 1),
(420, 'direct content', 419, 1),
(421, 'layers', 412, 420),
(422, 'Cell events', 1, 1),
(423, 'cell events', 256, 422),
(424, 'Events', 1, 1),
(425, 'cell events', 424, 422),
(426, 'rounded borders', 256, 1),
(427, 'cells', 419, 1),
(428, 'tables', 419, 1),
(429, 'Table events', 1, 1),
(430, 'table events', 424, 429),
(431, 'chunk events', 424, 167),
(432, 'graphics state stack', 409, 1),
(433, 'Shapes', 1, 1),
(434, 'circles, ellipses', 433, 415),
(435, 'rectangles', 433, 418),
(436, 'graphics state', 147, 1),
(437, 'color', 141, 1),
(438, 'line width', 141, 1),
(439, 'line dash', 141, 1),
(440, 'line join', 141, 1),
(441, 'literal syntax', 412, 1),
(442, 'Transformations', 1, 1),
(443, 'Coordinate system', 1, 1),
(444, 'text operators', 412, 1),
(445, 'adding images/templates', 443, 1),
(446, 'XObjects', 1, 1),
(447, 'Image XObjects', 446, 1),
(448, 'XObjects', 181, 447),
(449, 'inline images', 181, 1),
(450, 'adding images/templates', 412, 1),
(451, 'RGB', 147, 1),
(452, 'RGB', 1, 451),
(453, 'CMYK', 147, 1),
(454, 'CMYK', 1, 453),
(455, 'Gray fill', 147, 1),
(456, 'Device Color', 1, 1),
(457, 'device color', 147, 456),
(458, 'Separation Color', 1, 1),
(459, 'separation color', 147, 458),
(460, 'color', 409, 1),
(461, 'spot color', 147, 1),
(462, 'pattern color', 147, 1),
(463, 'Pattern color', 1, 462),
(464, 'shading patterns', 147, 1),
(465, 'Shading patterns', 1, 464),
(466, 'color', 118, 1),
(467, 'transparency groups', 245, 1),
(468, 'color blending', 147, 245),
(469, 'transparent color', 181, 245),
(470, 'blending mode', 245, 1),
(471, 'isolation', 245, 1),
(472, 'knockout', 245, 1),
(473, 'gradient', 245, 1),
(474, 'PdfTemplate', 1, 1),
(475, 'rounded corners', 181, 1),
(476, 'text state', 409, 1),
(477, 'Text state', 1, 476),
(478, 'text', 235, 1),
(479, 'text state', 117, 1),
(480, 'rotating text', 240, 1),
(481, 'Form XObjects', 446, 474),
(482, 'kerning', 324, 1),
(483, 'DefaultFontMapper', 40, 1),
(484, 'DefaultFontMapper', 1, 483),
(485, 'Graphics2D', 324, 483),
(486, 'text as shapes', 477, 1),
(487, 'AsianFontMapper', 40, 1),
(488, 'swing components', 40, 1),
(489, 'Charts', 1, 1),
(490, 'JFreeChart', 489, 1),
(491, 'JFreeChart', 1, 490),
(492, 'Printing', 1, 1),
(493, 'not printed', 23, 1),
(494, 'layer that isn''t printed', 492, 493),
(495, 'nested layers', 23, 1),
(496, 'grouped layers', 23, 1),
(497, 'radio groups', 23, 1),
(498, 'zoom', 23, 1),
(499, 'Zoom factor', 1, 1),
(500, 'optional content', 499, 498),
(501, 'layer membership', 23, 1),
(502, 'toggle layers', 23, 1),
(503, 'toggle OCG', 165, 502),
(504, 'OCG', 181, 1),
(505, 'OCG', 474, 1),
(506, 'Form Field', 1, 1),
(507, 'OCG', 506, 1),
(508, 'Apache Batik', 1, 1),
(509, 'Batik', 1, 508),
(510, 'Viewer Preferences', 1, 1),
(511, 'page layout', 510, 1),
(512, 'page mode', 510, 1),
(513, 'viewer options', 510, 1),
(514, 'Page Labels', 1, 1),
(515, 'Thumbnails', 1, 1),
(516, 'Use thumbnails', 515, 512),
(517, 'Page transitions', 1, 1),
(518, 'Page duration', 1, 1),
(519, 'Duration', 1, 518),
(520, 'actions', 58, 1),
(521, 'colors and styles', 58, 1),
(522, 'Destinations', 1, 1),
(523, 'retrieve as XML', 58, 1),
(524, 'create as HashMap', 58, 1),
(525, 'named actions', 165, 1),
(526, 'Goto actions', 1, 575),
(527, 'goto local page', 526, 1),
(528, 'goto remote page', 526, 1),
(529, 'goto actions', 165, 526),
(530, 'local destinations', 522, 1),
(531, 'remote destinations', 522, 1),
(532, 'Open action', 165, 1),
(533, 'additional actions', 165, 1),
(534, 'PDF events', 424, 533),
(535, 'JavaScript', 1, 1),
(536, 'Applications', 1, 1),
(537, 'launching an application', 536, 1),
(538, 'launch action', 165, 537),
(539, 'Empty page', 1, 1),
(540, 'newPage()', 1, 1),
(541, 'Page boundaries', 1, 1),
(542, 'Mediabox', 8, 541),
(543, 'Cropbox', 8, 541),
(544, 'Cropbox', 1, 541),
(545, 'Mediabox', 1, 541),
(546, 'Trimbox', 1, 541),
(547, 'Artbox', 1, 541),
(548, 'Bleedbox', 1, 541),
(549, 'Page reordering', 1, 1),
(550, 'Linear page mode', 1, 1),
(551, 'table in header/footer', 290, 1),
(552, 'Page X of Y', 1, 1),
(553, 'Page events', 1, 1),
(554, 'onEndPage', 553, 1),
(555, 'onCloseDocument', 553, 1),
(556, 'onOpenDocument', 553, 1),
(557, 'onGenericTag', 553, 167),
(558, 'onStartPage', 553, 1),
(559, 'onParagraph', 553, 560),
(560, 'paragraph events', 118, 1),
(561, 'chapter events', 131, 1),
(562, 'onChapter/onChapterEnd', 553, 561),
(563, 'section events', 132, 1),
(564, 'onSection/onSectionEnd', 553, 563),
(565, 'Table of Contents', 1, 1),
(566, 'TOC', 1, 565),
(567, 'XmlParser', 299, 1),
(568, 'tagmap', 299, 1),
(569, 'Tagmap', 1, 568),
(570, 'writing your own Handler', 299, 1),
(571, 'Reordering pages', 1, 549),
(572, 'HTMLWorker', 1, 1),
(573, 'Annotations', 1, 1),
(574, 'Text annotations', 1, 1),
(575, 'Link annotations', 1, 1),
(576, 'Link annotations', 573, 575),
(577, 'Text Annotations', 573, 574),
(578, 'Screen annotations', 1, 1),
(579, 'Screen annotations', 573, 578),
(580, 'Attachments', 1, 1),
(581, 'File annotations', 573, 580),
(582, 'Embedded files', 1, 580),
(583, 'Text fields', 506, 120),
(584, 'custom annotations', 573, 1),
(585, 'annotated chunks', 87, 1),
(586, 'annotated images', 181, 1),
(587, 'Button fields', 1, 1),
(588, 'Button fields', 506, 587),
(589, 'Radiobox', 587, 1),
(590, 'Checkbox', 587, 1),
(591, 'Checkboxes', 1, 590),
(592, 'Radioboxes', 1, 589),
(593, 'create appearance', 506, 1),
(594, 'Choice fields', 1, 1),
(595, 'Choice fields', 506, 594),
(596, 'Combobox', 1, 594),
(597, 'Listbox', 1, 594),
(598, 'Combobox', 506, 594),
(599, 'Listbox', 506, 594),
(600, 'submitting a form', 66, 601),
(601, 'Submitting a form', 1, 1),
(602, 'actions', 506, 1),
(603, 'form actions', 165, 602),
(604, 'retrieve fields', 66, 1),
(605, 'get type of field', 506, 1),
(606, 'retrieve options', 594, 1),
(607, 'setting options', 594, 1),
(608, 'make read-only', 506, 1),
(609, 'change properties', 506, 1),
(610, 'multiselect', 594, 1),
(611, 'field positions', 506, 1),
(612, 'fill out with caching', 66, 1),
(613, 'change font / font size', 120, 1),
(614, 'make read only', 120, 1),
(615, 'Forms Data Format', 1, 1),
(616, 'FDF', 1, 615),
(617, 'FdfWriter', 615, 1),
(618, 'FdfReader', 615, 1),
(619, 'XFDF', 1, 615),
(620, 'XfdfReader', 615, 1),
(621, 'Digital signatures', 1, 1),
(622, 'ordinary or recipient signatures', 621, 1),
(623, 'certifying or author signatures', 621, 1),
(624, 'Certifying signature', 1, 623),
(625, 'Author signatures', 1, 623),
(626, 'Recipient signatures', 1, 622),
(627, 'Signature fields', 1, 1),
(628, 'Signature fields', 506, 627),
(629, 'Signing a PDF file', 1, 621),
(630, 'Verifying digital signatures', 1, 1),
(631, 'signature verification', 621, 630),
(632, 'extracting revisions', 621, 1),
(633, 'Servlets', 1, 1),
(634, 'Web application', 1, 1),
(635, 'GET', 634, 1),
(636, 'POST', 634, 1),
(637, 'JSP', 1, 1),
(638, 'Java Servlets', 634, 633),
(639, 'Java Server Pages', 634, 637),
(640, 'Time out problem', 634, 1),
(641, 'Submit a PDF form', 634, 601),
(642, 'PDF Syntax', 1, 1),
(643, 'Catalog', 642, 1),
(644, 'PDF Objects', 642, 1),
(645, 'PdfLister', 1, 1),
(646, 'parsing PDF', 1, 1),
(647, 'PDF/X', 1, 1),
(648, 'Tagged PDF', 1, 1),
(649, 'Marked Content', 1, 1),
(650, 'Structure element', 1, 649),
(651, 'columns', 219, 1),
(652, 'Non breaking space', 1, 1),
(653, 'adding fields', 66, 1),
(654, 'cell background color', 256, 1),
(655, 'Unicode', 1, 1),
(656, 'AES Encryption', 105, 1),
(657, 'AES Encryption', 1, 656),
(658, 'Portable Collection', 1, 1),
(659, 'alternative text', 181, 1),
(660, 'Read out loud', 1, 1),
(661, 'Tooltip', 1, 1),
(662, 'Popup', 1, 1),
(663, 'Parsing PDF', 53, 646),
(664, 'createGraphicsShapes', 40, 1),
(665, 'Database publishing', 1, 1),
(666, 'simulation', 304, 1),
(667, 'colspan', 256, 1),
(668, 'Colspan', 1, 667),
(669, 'PdfSmartCopy', 20, 1),
(670, 'PdfSmartCopy', 1, 20),
(671, 'replace image', 66, 1),
(672, 'existing PDFs', 304, 1),
(673, 'ColumnText', 74, 672),
(674, 'extend last row', 250, 1),
(675, 'two tables next to each other', 250, 1),
(676, 'Adobe Reader', 1, 1),
(677, 'Menu', 676, 1),
(678, 'compression levels', 103, 1),
(679, 'compression level', 181, 1),
(680, 'compression level', 324, 1),
(681, 'OutputStream', 1, 1),
(682, 'open', 681, 35),
(683, 'step 5', 1, 1),
(684, 'close', 681, 683),
(685, 'Zipped PDFs', 1, 1),
(686, 'Metadata not encrypted', 105, 1),
(687, 'change alignment', 120, 1),
(688, 'tooltips', 120, 1),
(689, 'Reader Enabled PDF', 676, 1),
(690, 'Reader Enabling', 1, 689),
(691, 'append mode', 19, 1),
(692, 'remove XFA', 66, 1),
(693, 'dynamic XFA', 66, 1),
(694, 'kids on different pages', 66, 1),
(695, 'nested', 123, 1),
(696, 'pre/post symbol', 123, 1),
(697, 'Postcard', 8, 1),
(698, 'Special key', 1, 1),
(699, 'transparent color range', 181, 1),
(700, 'reduce resolution', 181, 1),
(701, 'remove attachments', 580, 1),
(702, 'retrieve as HashMap', 58, 1),
(703, 'concatenate', 74, 1),
(704, 'Concatenate PDFs', 1, 703),
(705, 'Separators', 1, 1),
(706, 'glue', 705, 1),
(707, 'glue chunks', 87, 706),
(708, 'Dotted line', 1, 1),
(709, 'line separator', 705, 1),
(710, 'Line separator', 1, 709),
(711, 'Vertical position mark', 1, 1),
(712, 'draw interface', 705, 1),
(713, 'Tabs', 1, 1),
(714, 'shape', 30, 1),
(715, 'custom font mapper', 40, 1),
(716, 'locked layers', 23, 1),
(717, 'Object data', 649, 1),
(718, 'Quadding', 1, 1);

-- --------------------------------------------------------

-- 
-- Table structure for table `keywords_link`
-- 

CREATE TABLE `keywords_link` (
  `example_id` int(11) NOT NULL,
  `keyword_id` int(11) NOT NULL,
  PRIMARY KEY  (`example_id`,`keyword_id`)
) ENGINE=MyISAM DEFAULT CHARSET=utf8;

-- 
-- Dumping data for table `keywords_link`
-- 

INSERT INTO `keywords_link` (`example_id`, `keyword_id`) VALUES (1, 9),
(1, 12),
(1, 17),
(1, 43),
(1, 46),
(1, 51),
(2, 4),
(2, 7),
(3, 1),
(3, 5),
(3, 9),
(3, 12),
(3, 17),
(4, 8),
(4, 51),
(5, 11),
(5, 12),
(5, 51),
(6, 10),
(6, 11),
(6, 241),
(7, 11),
(8, 3),
(8, 11),
(8, 51),
(9, 13),
(9, 51),
(10, 13),
(10, 27),
(11, 17),
(11, 31),
(11, 33),
(12, 35),
(13, 11),
(13, 13),
(13, 51),
(14, 37),
(16, 443),
(16, 444),
(17, 40),
(18, 8),
(18, 37),
(18, 54),
(18, 55),
(18, 56),
(18, 241),
(19, 57),
(20, 58),
(20, 60),
(21, 61),
(21, 62),
(21, 64),
(22, 61),
(22, 62),
(22, 65),
(23, 19),
(23, 67),
(23, 71),
(23, 72),
(24, 19),
(24, 73),
(24, 76),
(24, 413),
(25, 19),
(25, 56),
(25, 73),
(25, 76),
(25, 77),
(25, 413),
(26, 78),
(26, 80),
(26, 413),
(27, 19),
(27, 78),
(27, 82),
(27, 83),
(28, 84),
(28, 85),
(29, 84),
(29, 86),
(30, 20),
(30, 703),
(31, 20),
(31, 90),
(32, 19),
(32, 91),
(34, 92),
(35, 19),
(35, 20),
(35, 71),
(35, 93),
(35, 97),
(35, 703),
(36, 19),
(36, 92),
(36, 97),
(37, 19),
(37, 92),
(37, 97),
(37, 99),
(37, 101),
(38, 37),
(38, 102),
(39, 103),
(40, 103),
(41, 19),
(41, 103),
(41, 104),
(42, 19),
(42, 106),
(42, 107),
(42, 108),
(42, 110),
(43, 106),
(43, 108),
(43, 110),
(44, 2),
(44, 87),
(44, 111),
(44, 112),
(44, 113),
(44, 114),
(44, 115),
(45, 117),
(46, 116),
(46, 117),
(47, 87),
(47, 116),
(47, 118),
(47, 221),
(47, 274),
(48, 119),
(48, 121),
(49, 119),
(49, 122),
(49, 164),
(50, 123),
(50, 124),
(50, 125),
(50, 126),
(50, 127),
(51, 123),
(51, 124),
(51, 126),
(51, 128),
(51, 129),
(51, 130),
(52, 58),
(52, 131),
(52, 132),
(52, 133),
(53, 132),
(53, 133),
(53, 134),
(54, 135),
(54, 137),
(54, 138),
(54, 140),
(55, 114),
(55, 115),
(55, 142),
(56, 111),
(56, 112),
(57, 143),
(57, 145),
(58, 2),
(58, 113),
(58, 146),
(58, 148),
(59, 149),
(59, 151),
(59, 153),
(60, 155),
(60, 157),
(61, 156),
(61, 159),
(62, 160),
(63, 119),
(63, 121),
(63, 161),
(64, 121),
(64, 122),
(64, 164),
(65, 122),
(65, 164),
(66, 121),
(66, 161),
(66, 166),
(67, 167),
(68, 167),
(69, 167),
(69, 168),
(70, 169),
(70, 570),
(71, 170),
(71, 171),
(71, 172),
(71, 173),
(71, 174),
(71, 175),
(71, 181),
(72, 178),
(72, 181),
(73, 181),
(74, 181),
(74, 182),
(74, 184),
(75, 181),
(75, 182),
(75, 184),
(75, 185),
(76, 181),
(76, 186),
(76, 187),
(77, 180),
(77, 197),
(77, 198),
(77, 199),
(77, 200),
(77, 201),
(77, 203),
(77, 204),
(77, 205),
(77, 206),
(77, 207),
(77, 209),
(78, 84),
(78, 85),
(79, 181),
(79, 218),
(79, 220),
(80, 181),
(80, 218),
(80, 220),
(81, 181),
(81, 223),
(82, 181),
(82, 230),
(82, 231),
(83, 181),
(83, 227),
(84, 181),
(84, 236),
(84, 237),
(85, 181),
(85, 238),
(85, 239),
(86, 181),
(86, 238),
(86, 239),
(87, 181),
(87, 242),
(87, 243),
(88, 181),
(88, 244),
(89, 169),
(89, 181),
(89, 570),
(90, 250),
(90, 311),
(90, 667),
(91, 250),
(91, 253),
(91, 254),
(91, 255),
(91, 311),
(91, 667),
(92, 250),
(92, 255),
(92, 311),
(92, 667),
(93, 250),
(93, 258),
(93, 311),
(93, 667),
(94, 250),
(94, 255),
(94, 258),
(94, 311),
(94, 667),
(95, 250),
(95, 255),
(95, 258),
(95, 311),
(95, 667),
(96, 250),
(96, 260),
(96, 667),
(97, 250),
(97, 262),
(97, 667),
(98, 250),
(98, 254),
(98, 268),
(98, 269),
(98, 276),
(98, 311),
(98, 312),
(99, 250),
(99, 270),
(99, 271),
(99, 272),
(99, 276),
(99, 311),
(100, 250),
(100, 275),
(100, 276),
(100, 674),
(101, 250),
(101, 262),
(101, 263),
(102, 250),
(102, 277),
(102, 278),
(103, 250),
(103, 279),
(104, 250),
(104, 283),
(105, 250),
(105, 285),
(105, 286),
(105, 312),
(106, 250),
(106, 286),
(106, 287),
(106, 292),
(106, 667),
(107, 250),
(107, 286),
(107, 287),
(107, 292),
(107, 667),
(108, 250),
(108, 293),
(108, 294),
(109, 250),
(109, 280),
(109, 295),
(109, 296),
(110, 250),
(110, 280),
(110, 295),
(110, 296),
(111, 250),
(111, 280),
(111, 295),
(111, 296),
(112, 252),
(113, 252),
(114, 249),
(114, 298),
(114, 299),
(115, 118),
(115, 221),
(115, 300),
(116, 118),
(116, 301),
(117, 304),
(117, 308),
(118, 304),
(118, 308),
(119, 304),
(119, 308),
(119, 310),
(120, 301),
(120, 304),
(120, 319),
(120, 320),
(120, 666),
(121, 300),
(121, 304),
(121, 308),
(122, 304),
(122, 321),
(123, 304),
(123, 308),
(123, 319),
(124, 304),
(124, 308),
(124, 322),
(124, 666),
(125, 304),
(125, 309),
(126, 306),
(127, 306),
(128, 306),
(129, 306),
(129, 323),
(130, 299),
(130, 306),
(130, 570),
(131, 324),
(131, 325),
(131, 328),
(131, 329),
(131, 331),
(131, 332),
(131, 334),
(131, 335),
(131, 337),
(131, 339),
(131, 347),
(132, 140),
(132, 324),
(132, 325),
(132, 326),
(132, 334),
(132, 340),
(132, 343),
(133, 324),
(133, 325),
(133, 328),
(133, 335),
(133, 344),
(133, 347),
(134, 324),
(134, 325),
(134, 328),
(134, 344),
(134, 347),
(135, 324),
(135, 325),
(135, 328),
(135, 344),
(135, 348),
(135, 351),
(136, 324),
(136, 328),
(136, 348),
(136, 351),
(136, 353),
(137, 324),
(137, 325),
(137, 357),
(138, 324),
(138, 325),
(138, 326),
(138, 351),
(138, 360),
(138, 371),
(139, 324),
(139, 325),
(139, 351),
(139, 367),
(139, 372),
(140, 324),
(140, 325),
(140, 351),
(140, 366),
(140, 375),
(141, 324),
(141, 325),
(141, 326),
(141, 347),
(141, 351),
(142, 324),
(142, 325),
(142, 326),
(142, 347),
(142, 378),
(142, 387),
(143, 324),
(143, 325),
(143, 351),
(143, 366),
(143, 382),
(143, 383),
(143, 387),
(144, 324),
(144, 325),
(144, 351),
(144, 369),
(144, 387),
(145, 324),
(145, 325),
(145, 326),
(145, 347),
(145, 378),
(145, 387),
(145, 390),
(146, 324),
(146, 325),
(146, 326),
(146, 351),
(146, 387),
(146, 392),
(146, 400),
(147, 299),
(147, 324),
(147, 325),
(147, 326),
(147, 351),
(147, 392),
(147, 400),
(147, 401),
(147, 570),
(147, 655),
(148, 324),
(148, 325),
(148, 326),
(148, 351),
(148, 394),
(149, 324),
(149, 325),
(149, 326),
(149, 394),
(149, 396),
(150, 324),
(150, 325),
(150, 326),
(150, 332),
(150, 398),
(151, 324),
(151, 325),
(151, 326),
(151, 395),
(152, 324),
(152, 325),
(152, 326),
(152, 392),
(152, 395),
(152, 401),
(153, 324),
(153, 325),
(153, 348),
(153, 351),
(153, 353),
(153, 366),
(153, 404),
(154, 324),
(154, 325),
(154, 344),
(154, 347),
(154, 348),
(154, 351),
(154, 353),
(154, 366),
(154, 404),
(155, 116),
(155, 324),
(155, 337),
(155, 347),
(155, 406),
(155, 407),
(156, 324),
(156, 335),
(156, 347),
(156, 378),
(156, 404),
(156, 407),
(157, 299),
(157, 324),
(157, 351),
(157, 392),
(157, 400),
(157, 401),
(157, 404),
(157, 407),
(157, 570),
(157, 655),
(158, 409),
(159, 409),
(159, 410),
(159, 414),
(159, 418),
(160, 409),
(160, 410),
(160, 414),
(160, 415),
(161, 409),
(161, 410),
(161, 415),
(161, 417),
(162, 409),
(162, 410),
(162, 415),
(162, 418),
(163, 409),
(163, 410),
(163, 420),
(164, 410),
(164, 414),
(164, 415),
(164, 422),
(164, 426),
(164, 427),
(165, 263),
(165, 286),
(165, 287),
(165, 295),
(165, 414),
(165, 428),
(165, 429),
(165, 437),
(166, 271),
(166, 410),
(166, 418),
(166, 422),
(166, 429),
(166, 437),
(167, 410),
(167, 415),
(167, 432),
(167, 436),
(167, 460),
(168, 141),
(168, 142),
(168, 410),
(168, 414),
(168, 438),
(168, 439),
(168, 440),
(169, 441),
(170, 441),
(170, 442),
(170, 443),
(171, 171),
(171, 237),
(171, 445),
(171, 447),
(171, 450),
(172, 237),
(172, 445),
(172, 449),
(172, 450),
(173, 228),
(173, 299),
(173, 410),
(173, 414),
(173, 570),
(174, 410),
(174, 418),
(174, 451),
(174, 453),
(174, 455),
(174, 456),
(174, 460),
(175, 410),
(175, 418),
(175, 458),
(175, 460),
(175, 461),
(176, 410),
(176, 415),
(176, 418),
(176, 460),
(176, 462),
(177, 410),
(177, 460),
(177, 464),
(178, 461),
(178, 462),
(178, 464),
(178, 466),
(179, 245),
(179, 410),
(179, 415),
(179, 418),
(179, 467),
(179, 470),
(180, 245),
(180, 410),
(180, 415),
(180, 418),
(180, 467),
(180, 471),
(180, 472),
(181, 244),
(181, 245),
(181, 473),
(182, 86),
(182, 247),
(182, 445),
(182, 474),
(183, 86),
(183, 247),
(183, 410),
(183, 445),
(183, 450),
(183, 475),
(184, 86),
(184, 137),
(184, 148),
(184, 151),
(184, 160),
(184, 326),
(184, 444),
(184, 445),
(184, 476),
(184, 478),
(184, 479),
(185, 221),
(185, 326),
(185, 414),
(185, 444),
(185, 478),
(185, 480),
(185, 482),
(186, 228),
(186, 299),
(186, 410),
(186, 414),
(186, 444),
(186, 570),
(187, 40),
(188, 40),
(188, 483),
(189, 40),
(189, 474),
(189, 483),
(189, 487),
(190, 40),
(190, 483),
(190, 486),
(190, 487),
(191, 40),
(191, 395),
(191, 474),
(191, 486),
(191, 664),
(192, 40),
(192, 486),
(192, 488),
(193, 483),
(193, 488),
(194, 40),
(194, 489),
(194, 490),
(195, 23),
(196, 23),
(196, 493),
(196, 495),
(196, 496),
(196, 497),
(196, 498),
(197, 501),
(198, 23),
(198, 502),
(199, 23),
(199, 504),
(199, 505),
(199, 507),
(200, 40),
(200, 228),
(200, 508),
(201, 40),
(201, 228),
(201, 508),
(202, 511),
(203, 511),
(203, 512),
(204, 511),
(204, 512),
(204, 513),
(205, 514),
(206, 515),
(207, 515),
(208, 517),
(208, 518),
(209, 58),
(209, 522),
(210, 58),
(210, 520),
(210, 521),
(210, 523),
(210, 535),
(211, 58),
(211, 80),
(211, 524),
(212, 58),
(212, 80),
(213, 165),
(213, 525),
(214, 527),
(214, 528),
(214, 530),
(214, 531),
(214, 532),
(215, 532),
(215, 533),
(216, 535),
(217, 165),
(217, 536),
(217, 537),
(218, 58),
(218, 514),
(218, 515),
(219, 539),
(219, 540),
(220, 8),
(220, 541),
(221, 549),
(221, 550),
(222, 290),
(222, 551),
(222, 553),
(222, 554),
(223, 290),
(223, 552),
(223, 554),
(223, 555),
(223, 556),
(224, 73),
(224, 245),
(224, 554),
(224, 555),
(224, 556),
(224, 558),
(225, 517),
(225, 518),
(225, 558),
(226, 58),
(226, 118),
(226, 560),
(227, 555),
(227, 561),
(227, 563),
(227, 565),
(228, 84),
(228, 299),
(228, 493),
(228, 556),
(228, 558),
(228, 567),
(228, 568),
(229, 299),
(229, 567),
(230, 167),
(230, 299),
(230, 549),
(230, 552),
(230, 553),
(230, 554),
(230, 556),
(230, 561),
(230, 568),
(231, 32),
(231, 169),
(232, 32),
(232, 169),
(232, 572),
(233, 32),
(233, 169),
(233, 572),
(234, 299),
(234, 553),
(234, 554),
(234, 556),
(234, 570),
(235, 121),
(235, 525),
(235, 530),
(235, 537),
(235, 573),
(235, 574),
(235, 575),
(235, 578),
(236, 573),
(236, 574),
(237, 530),
(237, 535),
(237, 573),
(237, 574),
(237, 575),
(237, 578),
(237, 580),
(237, 584),
(238, 535),
(238, 573),
(238, 574),
(238, 580),
(238, 585),
(239, 121),
(239, 573),
(239, 574),
(239, 575),
(239, 586),
(240, 67),
(240, 506),
(240, 587),
(240, 589),
(240, 590),
(240, 593),
(241, 67),
(241, 506),
(241, 587),
(241, 589),
(241, 590),
(242, 67),
(242, 120),
(242, 506),
(242, 593),
(243, 67),
(243, 594),
(244, 67),
(244, 120),
(244, 587),
(244, 601),
(245, 120),
(245, 535),
(245, 587),
(245, 593),
(245, 602),
(246, 67),
(246, 120),
(246, 535),
(246, 594),
(246, 602),
(247, 67),
(247, 120),
(247, 422),
(247, 589),
(247, 590),
(247, 604),
(247, 605),
(248, 19),
(248, 53),
(248, 66),
(248, 67),
(248, 71),
(248, 93),
(248, 101),
(248, 604),
(248, 606),
(248, 607),
(248, 608),
(248, 609),
(248, 610),
(248, 611),
(248, 614),
(249, 66),
(249, 67),
(249, 71),
(249, 93),
(249, 611),
(249, 612),
(249, 613),
(250, 67),
(250, 615),
(250, 617),
(250, 618),
(250, 620),
(251, 67),
(251, 627),
(252, 67),
(252, 621),
(252, 622),
(252, 627),
(252, 691),
(253, 67),
(253, 621),
(253, 622),
(253, 623),
(253, 630),
(253, 632),
(253, 691),
(254, 5),
(254, 633),
(254, 634),
(255, 633),
(255, 634),
(255, 635),
(255, 636),
(256, 5),
(256, 634),
(256, 637),
(257, 634),
(257, 637),
(258, 633),
(258, 634),
(258, 640),
(259, 20),
(259, 90),
(259, 633),
(259, 634),
(260, 67),
(260, 601),
(260, 634),
(260, 637),
(261, 5),
(261, 103),
(261, 235),
(261, 642),
(262, 643),
(262, 644),
(262, 645),
(263, 644),
(263, 646),
(264, 644),
(264, 646),
(265, 644),
(265, 646),
(266, 492),
(266, 535),
(267, 166),
(267, 601),
(267, 644),
(268, 180),
(268, 197),
(268, 198),
(268, 199),
(268, 200),
(268, 201),
(268, 203),
(268, 204),
(268, 205),
(268, 206),
(268, 207),
(268, 208),
(268, 209),
(269, 647),
(270, 61),
(270, 62),
(271, 61),
(271, 62),
(272, 61),
(272, 64),
(273, 61),
(273, 62),
(274, 648),
(274, 649),
(275, 118),
(275, 304),
(275, 651),
(276, 410),
(276, 414),
(276, 510),
(277, 157),
(277, 652),
(278, 155),
(278, 156),
(278, 157),
(278, 159),
(279, 19),
(279, 72),
(279, 587),
(279, 653),
(280, 250),
(280, 283),
(280, 654),
(281, 71),
(281, 93),
(281, 615),
(281, 620),
(282, 66),
(282, 71),
(282, 120),
(282, 613),
(282, 655),
(283, 250),
(283, 256),
(283, 279),
(283, 283),
(283, 667),
(284, 410),
(284, 412),
(284, 414),
(285, 19),
(285, 56),
(285, 77),
(286, 250),
(286, 279),
(286, 287),
(286, 295),
(286, 304),
(286, 309),
(286, 667),
(287, 105),
(287, 656),
(288, 324),
(288, 351),
(289, 580),
(289, 658),
(292, 648),
(292, 649),
(292, 659),
(292, 660),
(293, 573),
(293, 661),
(294, 573),
(294, 574),
(294, 661),
(295, 533),
(295, 535),
(295, 573),
(295, 574),
(295, 587),
(295, 602),
(295, 661),
(295, 662),
(296, 53),
(296, 514),
(297, 5),
(298, 5),
(298, 103),
(298, 104),
(299, 5),
(299, 103),
(300, 5),
(300, 105),
(300, 656),
(301, 5),
(301, 412),
(301, 444),
(302, 5),
(302, 412),
(302, 444),
(303, 5),
(303, 412),
(303, 444),
(304, 5),
(304, 104),
(304, 412),
(304, 444),
(304, 646),
(305, 5),
(305, 104),
(305, 412),
(305, 444),
(305, 450),
(305, 474),
(306, 5),
(306, 40),
(306, 104),
(307, 5),
(307, 40),
(307, 104),
(307, 664),
(308, 5),
(308, 181),
(309, 118),
(309, 665),
(310, 118),
(310, 123),
(310, 665),
(311, 87),
(311, 118),
(311, 123),
(311, 325),
(311, 665),
(312, 87),
(312, 118),
(312, 119),
(312, 123),
(312, 325),
(312, 665),
(313, 87),
(313, 118),
(313, 123),
(313, 167),
(313, 325),
(313, 665),
(314, 87),
(314, 118),
(314, 123),
(314, 181),
(314, 227),
(314, 665),
(315, 87),
(315, 118),
(315, 123),
(315, 181),
(315, 227),
(315, 665),
(316, 87),
(316, 118),
(316, 123),
(316, 181),
(316, 227),
(316, 238),
(316, 665),
(317, 87),
(317, 118),
(317, 123),
(317, 181),
(317, 304),
(317, 309),
(317, 665),
(318, 87),
(318, 118),
(318, 123),
(318, 304),
(318, 309),
(318, 665),
(318, 666),
(319, 87),
(319, 118),
(319, 123),
(319, 304),
(319, 309),
(319, 414),
(319, 553),
(319, 554),
(319, 665),
(319, 666),
(320, 87),
(320, 118),
(320, 181),
(320, 250),
(320, 283),
(320, 665),
(321, 87),
(321, 118),
(321, 181),
(321, 250),
(321, 271),
(321, 283),
(321, 665),
(322, 87),
(322, 118),
(322, 271),
(322, 283),
(322, 292),
(322, 665),
(323, 87),
(323, 118),
(323, 271),
(323, 283),
(323, 292),
(323, 293),
(323, 665),
(324, 250),
(324, 654),
(324, 665),
(325, 250),
(325, 262),
(325, 269),
(325, 271),
(325, 654),
(325, 665),
(325, 667),
(326, 58),
(326, 131),
(326, 133),
(326, 250),
(326, 262),
(326, 269),
(326, 271),
(326, 654),
(326, 665),
(326, 667),
(327, 304),
(327, 308),
(327, 410),
(327, 412),
(327, 541),
(327, 665),
(328, 58),
(328, 304),
(328, 308),
(328, 410),
(328, 412),
(328, 510),
(328, 512),
(328, 541),
(328, 665),
(329, 20),
(329, 53),
(329, 58),
(329, 703),
(330, 19),
(330, 25),
(330, 66),
(330, 71),
(330, 93),
(330, 665),
(330, 669),
(330, 703),
(331, 66),
(331, 67),
(331, 120),
(331, 587),
(331, 608),
(332, 66),
(332, 67),
(332, 71),
(332, 93),
(332, 609),
(332, 671),
(333, 19),
(333, 76),
(333, 410),
(333, 412),
(333, 413),
(334, 84),
(334, 247),
(334, 410),
(334, 412),
(335, 19),
(335, 76),
(335, 412),
(335, 413),
(335, 444),
(335, 480),
(336, 19),
(336, 76),
(336, 304),
(336, 308),
(336, 672),
(337, 19),
(337, 76),
(337, 304),
(337, 308),
(337, 480),
(337, 672),
(338, 19),
(338, 76),
(338, 181),
(338, 236),
(338, 413),
(338, 445),
(338, 450),
(339, 19),
(339, 76),
(339, 181),
(339, 236),
(339, 413),
(339, 445),
(339, 450),
(339, 586),
(340, 19),
(340, 83),
(340, 574),
(341, 19),
(341, 83),
(341, 574),
(341, 662),
(342, 19),
(342, 83),
(342, 165),
(342, 535),
(342, 587),
(342, 602),
(342, 653),
(342, 662),
(343, 19),
(343, 83),
(343, 120),
(343, 611),
(344, 19),
(344, 66),
(344, 71),
(344, 76),
(344, 93),
(344, 181),
(344, 445),
(344, 450),
(344, 611),
(345, 19),
(345, 83),
(345, 587),
(346, 19),
(346, 83),
(346, 93),
(346, 587),
(346, 671),
(347, 19),
(347, 25),
(347, 66),
(347, 71),
(347, 93),
(347, 304),
(347, 309),
(347, 572),
(347, 611),
(347, 665),
(347, 669),
(347, 671),
(348, 19),
(348, 66),
(348, 69),
(348, 71),
(348, 689),
(348, 691),
(349, 19),
(349, 66),
(349, 69),
(349, 689),
(350, 19),
(350, 66),
(350, 69),
(350, 71),
(350, 689),
(351, 8),
(351, 19),
(351, 247),
(351, 541),
(352, 87),
(352, 414),
(352, 705),
(352, 708),
(353, 87),
(353, 705),
(353, 706),
(353, 711),
(354, 87),
(354, 331),
(354, 332),
(354, 414),
(354, 705),
(354, 706),
(354, 709),
(355, 87),
(355, 414),
(355, 705),
(355, 706),
(355, 709),
(356, 705),
(356, 712),
(357, 414),
(357, 705),
(357, 709),
(358, 414),
(358, 705),
(358, 709),
(359, 414),
(359, 705),
(359, 709),
(360, 705),
(360, 711),
(361, 87),
(361, 414),
(361, 705),
(361, 708),
(361, 709),
(361, 711),
(361, 713),
(362, 87),
(362, 414),
(362, 705),
(362, 708),
(362, 709),
(362, 711),
(362, 713),
(363, 87),
(363, 414),
(363, 705),
(363, 708),
(363, 709),
(363, 711),
(363, 713),
(364, 8),
(364, 170),
(364, 181),
(364, 238),
(364, 697),
(365, 56),
(365, 77),
(365, 81),
(365, 84),
(365, 85),
(366, 66),
(366, 67),
(366, 120),
(366, 604),
(367, 40),
(367, 247),
(367, 474),
(367, 664),
(368, 40),
(368, 664),
(369, 40),
(369, 247),
(369, 474),
(369, 664),
(370, 250),
(370, 277),
(370, 278),
(371, 40),
(371, 715),
(372, 66),
(372, 67),
(372, 165),
(372, 533),
(372, 602),
(373, 66),
(373, 67),
(373, 71),
(373, 120),
(373, 422),
(373, 694),
(374, 66),
(374, 67),
(374, 589),
(374, 694),
(375, 324),
(375, 351),
(375, 375),
(376, 131),
(376, 132),
(376, 250),
(376, 252),
(376, 288),
(376, 293),
(376, 294),
(377, 123),
(377, 125),
(377, 126),
(377, 695),
(377, 696),
(378, 61),
(378, 64),
(378, 65),
(379, 19),
(379, 476),
(379, 552),
(380, 19),
(380, 58),
(380, 78),
(380, 522),
(380, 527),
(380, 530),
(380, 553),
(380, 560),
(380, 565),
(380, 672),
(380, 702),
(381, 19),
(381, 58),
(381, 78),
(381, 522),
(381, 527),
(381, 530),
(381, 553),
(381, 560),
(381, 565),
(381, 672),
(381, 702),
(382, 20),
(382, 58),
(382, 703),
(383, 20),
(383, 58),
(383, 552),
(383, 703),
(384, 250),
(384, 256),
(384, 429),
(384, 654),
(385, 37),
(385, 535),
(386, 535),
(386, 677),
(387, 250),
(387, 279),
(387, 674),
(388, 170),
(388, 171),
(388, 181),
(388, 238),
(388, 245),
(388, 697),
(388, 699),
(389, 23),
(389, 493),
(389, 495),
(389, 496),
(389, 497),
(389, 498),
(389, 716),
(390, 409),
(390, 444),
(390, 476),
(391, 66),
(391, 69),
(391, 71),
(391, 101),
(391, 692),
(392, 20),
(392, 58),
(392, 524),
(392, 703),
(393, 8),
(393, 170),
(393, 181),
(393, 238),
(393, 697),
(394, 118),
(394, 304),
(394, 309),
(394, 540),
(395, 250),
(395, 287),
(395, 290),
(395, 295),
(395, 552),
(395, 554),
(395, 555),
(396, 250),
(396, 295),
(396, 304),
(396, 309),
(396, 675),
(397, 116),
(397, 117),
(397, 118),
(397, 273),
(397, 274),
(397, 304),
(397, 309),
(398, 23),
(398, 181),
(398, 283),
(398, 497),
(398, 504),
(398, 505),
(399, 23),
(399, 422),
(399, 497),
(400, 250),
(400, 295),
(400, 296),
(400, 675),
(401, 250),
(401, 277),
(401, 278),
(402, 40),
(402, 401),
(402, 664),
(402, 715),
(403, 678),
(404, 181),
(404, 678),
(404, 679),
(405, 324),
(405, 678),
(405, 680),
(406, 580),
(406, 678),
(407, 105),
(407, 656),
(408, 105),
(408, 656),
(408, 686),
(409, 66),
(409, 67),
(409, 594),
(409, 610),
(410, 61),
(410, 65),
(411, 170),
(411, 171),
(411, 181),
(411, 182),
(411, 184),
(411, 245),
(411, 699),
(412, 19),
(412, 66),
(412, 67),
(412, 83),
(412, 653),
(413, 170),
(413, 181),
(413, 187),
(413, 238),
(413, 244),
(413, 245),
(413, 697),
(414, 170),
(414, 181),
(414, 238),
(414, 245),
(414, 247),
(414, 436),
(414, 467),
(414, 471),
(414, 472),
(414, 473),
(414, 475),
(414, 697),
(415, 8),
(415, 19),
(415, 247),
(415, 541),
(416, 5),
(416, 30),
(416, 31),
(416, 118),
(417, 250),
(417, 312),
(417, 572),
(418, 66),
(418, 67),
(418, 71),
(418, 594),
(418, 607),
(418, 610),
(419, 81),
(419, 84),
(419, 85),
(419, 363),
(419, 453),
(420, 81),
(420, 84),
(420, 409),
(420, 410),
(420, 412),
(421, 181),
(421, 183),
(421, 679),
(421, 700),
(422, 131),
(422, 134),
(422, 288),
(423, 621),
(423, 623),
(423, 691),
(424, 409),
(424, 410),
(424, 412),
(424, 415),
(425, 103),
(425, 683),
(425, 685),
(426, 30),
(426, 31),
(426, 714),
(427, 23),
(427, 73),
(427, 493),
(428, 649),
(428, 717),
(429, 8),
(429, 13),
(429, 19),
(429, 541),
(430, 66),
(430, 69),
(431, 74),
(431, 510),
(432, 74),
(432, 573),
(432, 580),
(432, 701),
(433, 66),
(433, 69),
(433, 71),
(433, 693),
(434, 172),
(434, 181),
(434, 245),
(435, 66),
(435, 67),
(435, 120),
(435, 661),
(435, 688),
(436, 66),
(436, 67),
(436, 71),
(436, 120),
(436, 687),
(436, 718),
(437, 123),
(437, 125),
(437, 695);

-- --------------------------------------------------------

-- 
-- Table structure for table `resources`
-- 

CREATE TABLE `resources` (
  `id` int(11) NOT NULL auto_increment,
  `directory` varchar(50) NOT NULL,
  `name` varchar(40) NOT NULL default '',
  PRIMARY KEY  (`id`)
) ENGINE=MyISAM AUTO_INCREMENT=278 DEFAULT CHARSET=latin1 AUTO_INCREMENT=278 ;

-- 
-- Dumping data for table `resources`
-- 

INSERT INTO `resources` (`id`, `directory`, `name`) VALUES (1, 'in_action/chapter02', 'watermark.jpg'),
(2, 'in_action/chapter04', 'foobar.html'),
(3, 'in_action/chapter05', 'animated_fox_dog.gif'),
(4, 'in_action/chapter05', 'dog.gif'),
(5, 'in_action/chapter05', 'fox.gif'),
(6, 'in_action/chapter05', 'foxdog.bmp'),
(7, 'in_action/chapter05', 'foxdog.gif'),
(8, 'in_action/chapter05', 'foxdog.jpg'),
(9, 'in_action/chapter05', 'foxdog.png'),
(10, 'in_action/chapter05', 'foxdog.tiff'),
(11, 'in_action/chapter05', 'foxdog.wmf'),
(12, 'in_action/chapter05', 'foxdog_multiplepages.tif'),
(13, 'in_action/chapter05', 'hitchcock.gif'),
(14, 'in_action/chapter05', 'hitchcock.png'),
(15, 'in_action/chapter05', 'shield_tuf.gif'),
(17, 'in_action/chapter06', 'foxdog.jpg'),
(18, 'in_action/chapter06', 'studyprogram.xml'),
(19, 'in_action/chapter07', 'caesar.txt'),
(20, 'in_action/chapter07', 'caesar.jpg'),
(21, 'in_action/chapter07', '8001.jpg'),
(22, 'in_action/chapter07', '8001.xml'),
(23, 'in_action/chapter07', '8002.jpg'),
(24, 'in_action/chapter07', '8002.xml'),
(25, 'in_action/chapter07', '8003.jpg'),
(26, 'in_action/chapter07', '8003.xml'),
(27, 'in_action/chapter07', '8010.jpg'),
(28, 'in_action/chapter07', '8010.xml'),
(29, 'in_action/chapter07', '8011.jpg'),
(30, 'in_action/chapter07', '8011.xml'),
(31, 'in_action/chapter07', '8020.jpg'),
(32, 'in_action/chapter07', '8020.xml'),
(33, 'in_action/chapter07', '8021.xml'),
(34, 'in_action/chapter07', '8022.jpg'),
(35, 'in_action/chapter07', '8022.xml'),
(36, 'in_action/chapter07', '8030.jpg'),
(37, 'in_action/chapter07', '8030.xml'),
(38, 'in_action/chapter07', '8031.jpg'),
(39, 'in_action/chapter07', '8031.xml'),
(40, 'in_action/chapter07', '8032.jpg'),
(41, 'in_action/chapter07', '8032.xml'),
(42, 'in_action/chapter07', '8033.jpg'),
(43, 'in_action/chapter07', '8033.xml'),
(44, 'in_action/chapter07', '8040.jpg'),
(45, 'in_action/chapter07', '8040.xml'),
(46, 'in_action/chapter07', '8041.jpg'),
(47, 'in_action/chapter07', '8041.xml'),
(48, 'in_action/chapter07', '8042.jpg'),
(49, 'in_action/chapter07', '8042.xml'),
(50, 'in_action/chapter07', '8043.jpg'),
(51, 'in_action/chapter07', '8043.xml'),
(52, 'in_action/chapter07', '8051.jpg'),
(53, 'in_action/chapter07', '8051.xml'),
(54, 'in_action/chapter07', '8052.jpg'),
(55, 'in_action/chapter07', '8052.xml'),
(56, 'in_action/chapter08', 'putr8a.afm'),
(57, 'in_action/chapter08', 'cmr10.afm'),
(58, 'in_action/chapter08', 'putr8a.pfb'),
(59, 'in_action/chapter08', 'cmr10.pfb'),
(60, 'in_action/chapter08', 'cmr10.pfm'),
(61, 'in_action/chapter08', 'esl_gothic_shavian.otf'),
(62, 'in_action/chapter08', 'esl_gothic_unicode.ttf'),
(63, 'in_action/chapter09', 'say_peace.xml'),
(64, 'in_action/chapter09', 'tears.jpg'),
(65, 'in_action/chapter09', 'peace.xml'),
(66, 'in_action/chapter09', 'abserif4_5.ttf'),
(67, 'in_action/chapter09', 'damase.ttf'),
(68, 'in_action/chapter09', 'fsex2p00_public.ttf'),
(69, 'in_action/chapter10', 'iTextLogo.gif'),
(70, 'in_action/chapter10', 'foobarcity.svg'),
(71, 'in_action/chapter11', 'streets.svg'),
(72, 'in_action/chapter12', 'straten.svg'),
(73, 'in_action/chapter12', 'rues.svg'),
(74, 'in_action/chapter12', 'map.jpg'),
(75, 'in_action/chapter13', 'fox dog 0.gif'),
(76, 'in_action/chapter13', 'fox dog 1.gif'),
(77, 'in_action/chapter13', 'fox dog 2.gif'),
(78, 'in_action/chapter13', 'fox dog 3.gif'),
(79, 'in_action/chapter13', 'fox dog 4.gif'),
(80, 'in_action/chapter13', 'fox dog 5.gif'),
(81, 'in_action/chapter13', 'fox dog 6.gif'),
(82, 'in_action/chapter13', 'fox dog 7.gif'),
(83, 'in_action/chapter13', 'fox dog 8.gif'),
(84, 'in_action/chapter13', 'fox dog 9.gif'),
(85, 'in_action/chapter13', 'test.txt'),
(86, 'in_action/chapter14', 'simple_letter.xml'),
(87, 'in_action/chapter14', 'romeo_juliet.xml'),
(88, 'in_action/chapter14', 'tagmap.xml'),
(89, 'in_action/chapter14', 'example.html'),
(90, 'in_action/chapter14', 'list.html'),
(91, 'in_action/chapter15', 'foxdog.mpg'),
(92, 'in_action/chapter15', 'form.jsp'),
(93, 'in_action/chapter16', 'laura.jpg'),
(94, 'in_action/chapter16', 'formfields.xfdf'),
(95, 'in_action/chapter16', '.keystore'),
(96, 'in_action/chapter16', 'foobar.cer'),
(97, 'in_action/chapter17', 'courses.csv'),
(98, 'in_action/chapter17', 'learning_agreement.jsp'),
(99, 'in_action/chapter18', 'learning_agreement.pdf'),
(100, 'in_action/chapter18', 'agreementform.jsp'),
(101, 'in_action/chapter18', 'letter.txt'),
(102, 'in_action/chapterX', 'fflogo.jpg'),
(103, 'in_action/chapterX', 'file.gif'),
(104, 'in_action/chapterX', 'dir.gif'),
(105, 'in_action/chapterX', 'Grades.xfdf'),
(106, 'in_action/chapterX', 'foobar.png'),
(107, 'in_action/chapterX', 'foobar_thumb.png'),
(108, 'in_action/chapterX', 'test.csv'),
(109, 'in_action/chapterX', 'kubrick01.jpg'),
(110, 'in_action/chapterX', 'kubrick02.jpg'),
(111, 'in_action/chapterX', 'kubrick03.jpg'),
(112, 'in_action/chapterX', 'kubrick04.jpg'),
(113, 'in_action/chapterX', 'kubrick05.jpg'),
(114, 'in_action/chapterX', 'kubrick06.jpg'),
(115, 'in_action/chapterX', 'kubrick07.jpg'),
(116, 'in_action/chapterX', 'kubrick08.jpg'),
(117, 'in_action/chapterX', 'kubrick09.jpg'),
(118, 'in_action/chapterX', 'kubrick10.jpg'),
(119, 'in_action/chapterX', 'kubrick11.jpg'),
(120, 'in_action/chapterX', 'kubrick12.jpg'),
(121, 'in_action/chapterX', 'page_labels.pdf'),
(122, 'classroom', 'hello.png'),
(123, 'hsqldb', 'film.script'),
(124, 'classroom/filmfestival', 'datasheet.pdf'),
(125, 'classroom/filmfestival', 'kubrick.jpg'),
(126, 'classroom/filmfestival', 'fflogo.jpg'),
(127, 'classroom/filmfestival', 'ingeborg.jpg'),
(128, 'classroom/filmposters', '144.jpg'),
(129, 'classroom/filmposters', '217.jpg'),
(130, 'classroom/filmposters', '1296.jpg'),
(131, 'classroom/filmposters', '1421.jpg'),
(132, 'classroom/filmposters', '1422.jpg'),
(133, 'classroom/filmposters', '1423.jpg'),
(134, 'classroom/filmposters', '1424.jpg'),
(135, 'classroom/filmposters', '1425.jpg'),
(136, 'classroom/filmposters', '1426.jpg'),
(137, 'classroom/filmposters', '1427.jpg'),
(138, 'classroom/filmposters', '1428.jpg'),
(139, 'classroom/filmposters', '1429.jpg'),
(140, 'classroom/filmposters', '1430.jpg'),
(141, 'classroom/filmposters', '1431.jpg'),
(142, 'classroom/filmposters', '1432.jpg'),
(143, 'classroom/filmposters', '1433.jpg'),
(144, 'classroom/filmposters', '1434.jpg'),
(145, 'classroom/filmposters', '1435.jpg'),
(146, 'classroom/filmposters', '1436.jpg'),
(147, 'classroom/filmposters', '1437.jpg'),
(148, 'classroom/filmposters', '1438.jpg'),
(149, 'classroom/filmposters', '1439.jpg'),
(150, 'classroom/filmposters', '1440.jpg'),
(151, 'classroom/filmposters', '1441.jpg'),
(152, 'classroom/filmposters', '1442.jpg'),
(153, 'classroom/filmposters', '1443.jpg'),
(154, 'classroom/filmposters', '1444.jpg'),
(155, 'classroom/filmposters', '1445.jpg'),
(156, 'classroom/filmposters', '1446.jpg'),
(157, 'classroom/filmposters', '1447.jpg'),
(158, 'classroom/filmposters', '1448.jpg'),
(159, 'classroom/filmposters', '1449.jpg'),
(160, 'classroom/filmposters', '1450.jpg'),
(161, 'classroom/filmposters', '1451.jpg'),
(162, 'classroom/filmposters', '1452.jpg'),
(163, 'classroom/filmposters', '1453.jpg'),
(164, 'classroom/filmposters', '1454.jpg'),
(165, 'classroom/filmposters', '1455.jpg'),
(166, 'classroom/filmposters', '1456.jpg'),
(167, 'classroom/filmposters', '1457.jpg'),
(168, 'classroom/filmposters', '1458.jpg'),
(169, 'classroom/filmposters', '1459.jpg'),
(170, 'classroom/filmposters', '1460.jpg'),
(171, 'classroom/filmposters', '1461.jpg'),
(172, 'classroom/filmposters', '1462.jpg'),
(173, 'classroom/filmposters', '1463.jpg'),
(174, 'classroom/filmposters', '1464.jpg'),
(175, 'classroom/filmposters', '1465.jpg'),
(176, 'classroom/filmposters', '1466.jpg'),
(177, 'classroom/filmposters', '1467.jpg'),
(178, 'classroom/filmposters', '1468.jpg'),
(179, 'classroom/filmposters', '1469.jpg'),
(180, 'classroom/filmposters', '1470.jpg'),
(181, 'classroom/filmposters', '1472.jpg'),
(182, 'classroom/filmposters', '1474.jpg'),
(183, 'classroom/filmposters', '1475.jpg'),
(184, 'classroom/filmposters', '1476.jpg'),
(185, 'classroom/filmposters', '1477.jpg'),
(186, 'classroom/filmposters', '1478.jpg'),
(187, 'classroom/filmposters', '1479.jpg'),
(188, 'classroom/filmposters', '1480.jpg'),
(189, 'classroom/filmposters', '1481.jpg'),
(190, 'classroom/filmposters', '1482.jpg'),
(191, 'classroom/filmposters', '1483.jpg'),
(192, 'classroom/filmposters', '1484.jpg'),
(193, 'classroom/filmposters', '1486.jpg'),
(194, 'classroom/filmposters', '1487.jpg'),
(195, 'classroom/filmposters', '1488.jpg'),
(196, 'classroom/filmposters', '1489.jpg'),
(197, 'classroom/filmposters', '1490.jpg'),
(198, 'classroom/filmposters', '1491.jpg'),
(199, 'classroom/filmposters', '1492.jpg'),
(200, 'classroom/filmposters', '1494.jpg'),
(201, 'classroom/filmposters', '1495.jpg'),
(202, 'classroom/filmposters', '1496.jpg'),
(203, 'classroom/filmposters', '1498.jpg'),
(204, 'classroom/filmposters', '1499.jpg'),
(205, 'classroom/filmposters', '1500.jpg'),
(206, 'classroom/filmposters', '1501.jpg'),
(207, 'classroom/filmposters', '1503.jpg'),
(208, 'classroom/filmposters', '1504.jpg'),
(209, 'classroom/filmposters', '1506.jpg'),
(210, 'classroom/filmposters', '1510.jpg'),
(211, 'classroom/filmposters', '1511.jpg'),
(212, 'classroom/filmposters', '1512.jpg'),
(213, 'classroom/filmposters', '1517.jpg'),
(214, 'classroom/filmposters', '1518.jpg'),
(215, 'classroom/filmposters', '1519.jpg'),
(216, 'classroom/filmposters', '1520.jpg'),
(217, 'classroom/filmposters', '1525.jpg'),
(218, 'classroom/filmposters', '1526.jpg'),
(219, 'classroom/filmposters', '1529.jpg'),
(220, 'classroom/filmposters', '1533.jpg'),
(221, 'classroom/filmposters', '1534.jpg'),
(222, 'classroom/filmposters', '1536.jpg'),
(223, 'classroom/filmposters', '1537.jpg'),
(224, 'classroom/filmposters', '1538.jpg'),
(225, 'classroom/filmposters', '1539.jpg'),
(226, 'classroom/filmposters', '1540.jpg'),
(227, 'classroom/filmposters', '1541.jpg'),
(228, 'classroom/filmposters', '1542.jpg'),
(229, 'classroom/filmposters', '1543.jpg'),
(230, 'classroom/filmposters', '1545.jpg'),
(231, 'classroom/filmposters', '1547.jpg'),
(232, 'classroom/filmposters', '1549.jpg'),
(233, 'classroom/filmposters', '1551.jpg'),
(234, 'classroom/filmposters', '1552.jpg'),
(235, 'classroom/filmposters', '1553.jpg'),
(236, 'classroom/filmposters', '1554.jpg'),
(237, 'classroom/filmposters', '1555.jpg'),
(238, 'classroom/filmposters', '1556.jpg'),
(239, 'classroom/filmposters', '1557.jpg'),
(240, 'classroom/filmposters', '1558.jpg'),
(241, 'classroom/filmposters', '1561.jpg'),
(242, 'classroom/newspaper', 'metro.pdf'),
(243, 'classroom/newspaper', 'manning.gif'),
(244, 'classroom/newspaper', 'iia.jpg'),
(245, 'classroom/1t3xt', 'logo.gif'),
(246, 'classroom/1t3xt', 'logo.pdf'),
(247, 'classroom/1t3xt', '1t3xt.pdf'),
(248, 'classroom/1t3xt', 'hero.pdf'),
(249, 'classroom/filmfestival', 'movie_overview.pdf'),
(250, 'questions/forms', 'enabled_form.pdf'),
(251, 'questions/pdfs', 'metro.pdf'),
(252, 'questions/img', 'bruno_original.jpg'),
(253, 'questions/forms', 'textfields.pdf'),
(254, 'questions/forms', 'hello_who.pdf'),
(255, 'questions/txt', 'caesar.txt'),
(257, 'questions/images', '1t3xt.gif'),
(258, 'questions/images', 'logo.gif'),
(259, 'questions/txt', 'ocr.txt'),
(260, 'questions/forms', 'designer_form.pdf'),
(261, 'questions/img', 'logo.gif'),
(262, 'questions/fonts', 'Tuffy.otf'),
(263, 'questions/img', 'handwritten.gif'),
(264, 'questions/img', 'handwritten.jpg'),
(265, 'questions/images', 'bruno_original.jpg'),
(266, 'questions/pdfs', 'withoutcropbox.pdf'),
(267, 'questions/html', 'test.html'),
(268, 'questions/pdfs', 'logo.pdf'),
(269, 'questions/forms', 'to_be_signed.pdf'),
(270, 'questions', '.keystore'),
(271, 'rtf/shapes', 'logo.png'),
(272, 'questions/pdfs', 'hello.pdf'),
(273, 'questions/img', '1t3xt.gif'),
(274, 'questions/pdfs', 'photo_album.pdf'),
(275, 'questions/forms', 'dynamic.pdf'),
(276, 'questions/forms', 'datasets.xml'),
(277, 'questions/img', 'metropole.png');

-- --------------------------------------------------------

-- 
-- Table structure for table `resources_link`
-- 

CREATE TABLE `resources_link` (
  `example_id` int(11) NOT NULL default '0',
  `resource_id` int(11) NOT NULL default '0',
  KEY `example_id` (`example_id`)
) ENGINE=MyISAM DEFAULT CHARSET=latin1;

-- 
-- Dumping data for table `resources_link`
-- 

INSERT INTO `resources_link` (`example_id`, `resource_id`) VALUES (24, 1),
(25, 1),
(70, 2),
(71, 8),
(71, 7),
(71, 9),
(71, 10),
(71, 11),
(71, 6),
(72, 12),
(73, 3),
(74, 13),
(75, 14),
(76, 8),
(79, 8),
(79, 7),
(79, 9),
(80, 8),
(80, 7),
(81, 5),
(81, 4),
(82, 8),
(83, 8),
(83, 4),
(84, 8),
(85, 8),
(86, 10),
(87, 8),
(88, 8),
(89, 2),
(89, 15),
(104, 17),
(114, 18),
(115, 19),
(116, 19),
(117, 19),
(118, 19),
(119, 19),
(120, 19),
(121, 19),
(122, 19),
(122, 20),
(123, 19),
(124, 21),
(125, 21),
(129, 19),
(130, 21),
(130, 22),
(130, 23),
(130, 24),
(130, 25),
(130, 26),
(130, 27),
(130, 28),
(130, 29),
(130, 30),
(130, 31),
(130, 32),
(130, 33),
(130, 34),
(130, 35),
(130, 36),
(130, 37),
(130, 38),
(130, 39),
(130, 40),
(130, 41),
(130, 42),
(130, 43),
(130, 44),
(130, 45),
(130, 46),
(130, 47),
(130, 48),
(130, 49),
(130, 50),
(130, 51),
(130, 52),
(130, 53),
(130, 54),
(130, 55),
(134, 56),
(134, 57),
(135, 56),
(135, 58),
(135, 57),
(135, 59),
(139, 61),
(136, 60),
(136, 59),
(143, 62),
(147, 63),
(148, 64),
(153, 59),
(153, 60),
(154, 56),
(154, 58),
(154, 57),
(154, 62),
(157, 65),
(157, 66),
(157, 67),
(157, 68),
(171, 69),
(172, 69),
(173, 70),
(176, 69),
(178, 8),
(181, 8),
(182, 8),
(183, 8),
(186, 70),
(186, 71),
(199, 69),
(200, 70),
(200, 71),
(200, 72),
(200, 73),
(200, 74),
(201, 70),
(201, 71),
(201, 72),
(201, 73),
(201, 74),
(207, 8),
(206, 75),
(206, 76),
(206, 77),
(206, 78),
(206, 79),
(206, 80),
(206, 81),
(206, 82),
(206, 83),
(206, 84),
(208, 75),
(208, 76),
(208, 77),
(208, 78),
(208, 79),
(208, 80),
(208, 81),
(208, 82),
(208, 83),
(208, 84),
(217, 85),
(218, 21),
(218, 22),
(218, 23),
(218, 24),
(218, 25),
(218, 26),
(218, 27),
(218, 28),
(218, 29),
(218, 30),
(218, 31),
(218, 32),
(218, 33),
(218, 34),
(218, 35),
(218, 36),
(218, 37),
(218, 38),
(218, 39),
(218, 40),
(218, 41),
(218, 42),
(218, 43),
(218, 44),
(218, 45),
(218, 46),
(218, 47),
(218, 48),
(218, 49),
(218, 50),
(218, 51),
(218, 52),
(218, 53),
(218, 54),
(218, 55),
(224, 69),
(225, 75),
(225, 76),
(225, 77),
(225, 78),
(225, 79),
(225, 80),
(225, 81),
(225, 82),
(225, 83),
(225, 84),
(226, 19),
(228, 69),
(229, 69),
(228, 86),
(229, 86),
(230, 87),
(230, 88),
(231, 89),
(232, 89),
(233, 90),
(234, 15),
(234, 21),
(234, 22),
(234, 23),
(234, 24),
(234, 25),
(234, 26),
(234, 27),
(234, 28),
(234, 29),
(234, 30),
(234, 31),
(234, 32),
(234, 33),
(234, 34),
(234, 35),
(234, 36),
(234, 37),
(234, 38),
(234, 39),
(234, 40),
(234, 41),
(234, 42),
(234, 43),
(234, 44),
(234, 45),
(234, 46),
(234, 47),
(234, 48),
(234, 49),
(234, 50),
(234, 51),
(234, 52),
(234, 53),
(234, 54),
(234, 55),
(235, 91),
(237, 8),
(237, 91),
(239, 8),
(239, 69),
(244, 92),
(249, 93),
(250, 94),
(252, 95),
(253, 95),
(253, 96),
(260, 97),
(260, 98),
(267, 99),
(267, 100),
(267, 101),
(280, 102),
(280, 103),
(280, 104),
(281, 105),
(283, 106),
(283, 107),
(284, 108),
(288, 66),
(290, 5),
(290, 4),
(290, 13),
(291, 5),
(291, 4),
(291, 13),
(292, 115),
(296, 121),
(308, 122),
(309, 123),
(310, 123),
(311, 123),
(312, 123),
(313, 123),
(314, 123),
(315, 123),
(316, 123),
(317, 123),
(318, 123),
(319, 123),
(320, 123),
(321, 123),
(322, 123),
(323, 123),
(324, 123),
(325, 123),
(326, 123),
(328, 123),
(329, 123),
(330, 124),
(331, 125),
(331, 126),
(332, 125),
(332, 126),
(332, 127),
(314, 128),
(314, 129),
(314, 130),
(314, 131),
(314, 132),
(314, 133),
(314, 134),
(314, 135),
(314, 136),
(314, 137),
(314, 138),
(314, 139),
(314, 140),
(314, 141),
(314, 142),
(314, 143),
(314, 144),
(314, 145),
(314, 146),
(314, 147),
(314, 148),
(314, 149),
(314, 150),
(314, 151),
(314, 152),
(314, 153),
(314, 154),
(314, 155),
(314, 156),
(314, 157),
(314, 158),
(314, 159),
(314, 160),
(314, 161),
(314, 162),
(314, 163),
(314, 164),
(314, 165),
(314, 166),
(314, 167),
(314, 168),
(314, 169),
(314, 170),
(314, 171),
(314, 172),
(314, 173),
(314, 174),
(314, 175),
(314, 176),
(314, 177),
(314, 178),
(314, 179),
(314, 180),
(314, 181),
(314, 182),
(314, 183),
(314, 184),
(314, 185),
(314, 186),
(314, 187),
(314, 188),
(314, 189),
(314, 190),
(314, 191),
(314, 192),
(314, 193),
(314, 194),
(314, 195),
(314, 196),
(314, 197),
(314, 198),
(314, 199),
(314, 200),
(314, 201),
(314, 202),
(314, 203),
(314, 204),
(314, 205),
(314, 206),
(314, 207),
(314, 208),
(314, 209),
(314, 210),
(314, 211),
(314, 212),
(314, 213),
(314, 214),
(314, 215),
(314, 216),
(314, 217),
(314, 218),
(314, 219),
(314, 220),
(314, 221),
(314, 222),
(314, 223),
(314, 224),
(314, 225),
(314, 226),
(314, 227),
(314, 228),
(314, 229),
(314, 230),
(314, 231),
(314, 232),
(314, 233),
(314, 234),
(314, 235),
(314, 236),
(314, 237),
(314, 238),
(314, 239),
(314, 240),
(314, 241),
(315, 128),
(315, 129),
(315, 130),
(315, 131),
(315, 132),
(315, 133),
(315, 134),
(315, 135),
(315, 136),
(315, 137),
(315, 138),
(315, 139),
(315, 140),
(315, 141),
(315, 142),
(315, 143),
(315, 144),
(315, 145),
(315, 146),
(315, 147),
(315, 148),
(315, 149),
(315, 150),
(315, 151),
(315, 152),
(315, 153),
(315, 154),
(315, 155),
(315, 156),
(315, 157),
(315, 158),
(315, 159),
(315, 160),
(315, 161),
(315, 162),
(315, 163),
(315, 164),
(315, 165),
(315, 166),
(315, 167),
(315, 168),
(315, 169),
(315, 170),
(315, 171),
(315, 172),
(315, 173),
(315, 174),
(315, 175),
(315, 176),
(315, 177),
(315, 178),
(315, 179),
(315, 180),
(315, 181),
(315, 182),
(315, 183),
(315, 184),
(315, 185),
(315, 186),
(315, 187),
(315, 188),
(315, 189),
(315, 190),
(315, 191),
(315, 192),
(315, 193),
(315, 194),
(315, 195),
(315, 196),
(315, 197),
(315, 198),
(315, 199),
(315, 200),
(315, 201),
(315, 202),
(315, 203),
(315, 204),
(315, 205),
(315, 206),
(315, 207),
(315, 208),
(315, 209),
(315, 210),
(315, 211),
(315, 212),
(315, 213),
(315, 214),
(315, 215),
(315, 216),
(315, 217),
(315, 218),
(315, 219),
(315, 220),
(315, 221),
(315, 222),
(315, 223),
(315, 224),
(315, 225),
(315, 226),
(315, 227),
(315, 228),
(315, 229),
(315, 230),
(315, 231),
(315, 232),
(315, 233),
(315, 234),
(315, 235),
(315, 236),
(315, 237),
(315, 238),
(315, 239),
(315, 240),
(315, 241),
(316, 128),
(316, 129),
(316, 130),
(316, 131),
(316, 132),
(316, 133),
(316, 134),
(316, 135),
(316, 136),
(316, 137),
(316, 138),
(316, 139),
(316, 140),
(316, 141),
(316, 142),
(316, 143),
(316, 144),
(316, 145),
(316, 146),
(316, 147),
(316, 148),
(316, 149),
(316, 150),
(316, 151),
(316, 152),
(316, 153),
(316, 154),
(316, 155),
(316, 156),
(316, 157),
(316, 158),
(316, 159),
(316, 160),
(316, 161),
(316, 162),
(316, 163),
(316, 164),
(316, 165),
(316, 166),
(316, 167),
(316, 168),
(316, 169),
(316, 170),
(316, 171),
(316, 172),
(316, 173),
(316, 174),
(316, 175),
(316, 176),
(316, 177),
(316, 178),
(316, 179),
(316, 180),
(316, 181),
(316, 182),
(316, 183),
(316, 184),
(316, 185),
(316, 186),
(316, 187),
(316, 188),
(316, 189),
(316, 190),
(316, 191),
(316, 192),
(316, 193),
(316, 194),
(316, 195),
(316, 196),
(316, 197),
(316, 198),
(316, 199),
(316, 200),
(316, 201),
(316, 202),
(316, 203),
(316, 204),
(316, 205),
(316, 206),
(316, 207),
(316, 208),
(316, 209),
(316, 210),
(316, 211),
(316, 212),
(316, 213),
(316, 214),
(316, 215),
(316, 216),
(316, 217),
(316, 218),
(316, 219),
(316, 220),
(316, 221),
(316, 222),
(316, 223),
(316, 224),
(316, 225),
(316, 226),
(316, 227),
(316, 228),
(316, 229),
(316, 230),
(316, 231),
(316, 232),
(316, 233),
(316, 234),
(316, 235),
(316, 236),
(316, 237),
(316, 238),
(316, 239),
(316, 240),
(316, 241),
(317, 128),
(317, 129),
(317, 130),
(317, 131),
(317, 132),
(317, 133),
(317, 134),
(317, 135),
(317, 136),
(317, 137),
(317, 138),
(317, 139),
(317, 140),
(317, 141),
(317, 142),
(317, 143),
(317, 144),
(317, 145),
(317, 146),
(317, 147),
(317, 148),
(317, 149),
(317, 150),
(317, 151),
(317, 152),
(317, 153),
(317, 154),
(317, 155),
(317, 156),
(317, 157),
(317, 158),
(317, 159),
(317, 160),
(317, 161),
(317, 162),
(317, 163),
(317, 164),
(317, 165),
(317, 166),
(317, 167),
(317, 168),
(317, 169),
(317, 170),
(317, 171),
(317, 172),
(317, 173),
(317, 174),
(317, 175),
(317, 176),
(317, 177),
(317, 178),
(317, 179),
(317, 180),
(317, 181),
(317, 182),
(317, 183),
(317, 184),
(317, 185),
(317, 186),
(317, 187),
(317, 188),
(317, 189),
(317, 190),
(317, 191),
(317, 192),
(317, 193),
(317, 194),
(317, 195),
(317, 196),
(317, 197),
(317, 198),
(317, 199),
(317, 200),
(317, 201),
(317, 202),
(317, 203),
(317, 204),
(317, 205),
(317, 206),
(317, 207),
(317, 208),
(317, 209),
(317, 210),
(317, 211),
(317, 212),
(317, 213),
(317, 214),
(317, 215),
(317, 216),
(317, 217),
(317, 218),
(317, 219),
(317, 220),
(317, 221),
(317, 222),
(317, 223),
(317, 224),
(317, 225),
(317, 226),
(317, 227),
(317, 228),
(317, 229),
(317, 230),
(317, 231),
(317, 232),
(317, 233),
(317, 234),
(317, 235),
(317, 236),
(317, 237),
(317, 238),
(317, 239),
(317, 240),
(317, 241),
(318, 128),
(318, 129),
(318, 130),
(318, 131),
(318, 132),
(318, 133),
(318, 134),
(318, 135),
(318, 136),
(318, 137),
(318, 138),
(318, 139),
(318, 140),
(318, 141),
(318, 142),
(318, 143),
(318, 144),
(318, 145),
(318, 146),
(318, 147),
(318, 148),
(318, 149),
(318, 150),
(318, 151),
(318, 152),
(318, 153),
(318, 154),
(318, 155),
(318, 156),
(318, 157),
(318, 158),
(318, 159),
(318, 160),
(318, 161),
(318, 162),
(318, 163),
(318, 164),
(318, 165),
(318, 166),
(318, 167),
(318, 168),
(318, 169),
(318, 170),
(318, 171),
(318, 172),
(318, 173),
(318, 174),
(318, 175),
(318, 176),
(318, 177),
(318, 178),
(318, 179),
(318, 180),
(318, 181),
(318, 182),
(318, 183),
(318, 184),
(318, 185),
(318, 186),
(318, 187),
(318, 188),
(318, 189),
(318, 190),
(318, 191),
(318, 192),
(318, 193),
(318, 194),
(318, 195),
(318, 196),
(318, 197),
(318, 198),
(318, 199),
(318, 200),
(318, 201),
(318, 202),
(318, 203),
(318, 204),
(318, 205),
(318, 206),
(318, 207),
(318, 208),
(318, 209),
(318, 210),
(318, 211),
(318, 212),
(318, 213),
(318, 214),
(318, 215),
(318, 216),
(318, 217),
(318, 218),
(318, 219),
(318, 220),
(318, 221),
(318, 222),
(318, 223),
(318, 224),
(318, 225),
(318, 226),
(318, 227),
(318, 228),
(318, 229),
(318, 230),
(318, 231),
(318, 232),
(318, 233),
(318, 234),
(318, 235),
(318, 236),
(318, 237),
(318, 238),
(318, 239),
(318, 240),
(318, 241),
(319, 128),
(319, 129),
(319, 130),
(319, 131),
(319, 132),
(319, 133),
(319, 134),
(319, 135),
(319, 136),
(319, 137),
(319, 138),
(319, 139),
(319, 140),
(319, 141),
(319, 142),
(319, 143),
(319, 144),
(319, 145),
(319, 146),
(319, 147),
(319, 148),
(319, 149),
(319, 150),
(319, 151),
(319, 152),
(319, 153),
(319, 154),
(319, 155),
(319, 156),
(319, 157),
(319, 158),
(319, 159),
(319, 160),
(319, 161),
(319, 162),
(319, 163),
(319, 164),
(319, 165),
(319, 166),
(319, 167),
(319, 168),
(319, 169),
(319, 170),
(319, 171),
(319, 172),
(319, 173),
(319, 174),
(319, 175),
(319, 176),
(319, 177),
(319, 178),
(319, 179),
(319, 180),
(319, 181),
(319, 182),
(319, 183),
(319, 184),
(319, 185),
(319, 186),
(319, 187),
(319, 188),
(319, 189),
(319, 190),
(319, 191),
(319, 192),
(319, 193),
(319, 194),
(319, 195),
(319, 196),
(319, 197),
(319, 198),
(319, 199),
(319, 200),
(319, 201),
(319, 202),
(319, 203),
(319, 204),
(319, 205),
(319, 206),
(319, 207),
(319, 208),
(319, 209),
(319, 210),
(319, 211),
(319, 212),
(319, 213),
(319, 214),
(319, 215),
(319, 216),
(319, 217),
(319, 218),
(319, 219),
(319, 220),
(319, 221),
(319, 222),
(319, 223),
(319, 224),
(319, 225),
(319, 226),
(319, 227),
(319, 228),
(319, 229),
(319, 230),
(319, 231),
(319, 232),
(319, 233),
(319, 234),
(319, 235),
(319, 236),
(319, 237),
(319, 238),
(319, 239),
(319, 240),
(319, 241),
(320, 128),
(320, 129),
(320, 130),
(320, 131),
(320, 132),
(320, 133),
(320, 134),
(320, 135),
(320, 136),
(320, 137),
(320, 138),
(320, 139),
(320, 140),
(320, 141),
(320, 142),
(320, 143),
(320, 144),
(320, 145),
(320, 146),
(320, 147),
(320, 148),
(320, 149),
(320, 150),
(320, 151),
(320, 152),
(320, 153),
(320, 154),
(320, 155),
(320, 156),
(320, 157),
(320, 158),
(320, 159),
(320, 160),
(320, 161),
(320, 162),
(320, 163),
(320, 164),
(320, 165),
(320, 166),
(320, 167),
(320, 168),
(320, 169),
(320, 170),
(320, 171),
(320, 172),
(320, 173),
(320, 174),
(320, 175),
(320, 176),
(320, 177),
(320, 178),
(320, 179),
(320, 180),
(320, 181),
(320, 182),
(320, 183),
(320, 184),
(320, 185),
(320, 186),
(320, 187),
(320, 188),
(320, 189),
(320, 190),
(320, 191),
(320, 192),
(320, 193),
(320, 194),
(320, 195),
(320, 196),
(320, 197),
(320, 198),
(320, 199),
(320, 200),
(320, 201),
(320, 202),
(320, 203),
(320, 204),
(320, 205),
(320, 206),
(320, 207),
(320, 208),
(320, 209),
(320, 210),
(320, 211),
(320, 212),
(320, 213),
(320, 214),
(320, 215),
(320, 216),
(320, 217),
(320, 218),
(320, 219),
(320, 220),
(320, 221),
(320, 222),
(320, 223),
(320, 224),
(320, 225),
(320, 226),
(320, 227),
(320, 228),
(320, 229),
(320, 230),
(320, 231),
(320, 232),
(320, 233),
(320, 234),
(320, 235),
(320, 236),
(320, 237),
(320, 238),
(320, 239),
(320, 240),
(320, 241),
(321, 128),
(321, 129),
(321, 130),
(321, 131),
(321, 132),
(321, 133),
(321, 134),
(321, 135),
(321, 136),
(321, 137),
(321, 138),
(321, 139),
(321, 140),
(321, 141),
(321, 142),
(321, 143),
(321, 144),
(321, 145),
(321, 146),
(321, 147),
(321, 148),
(321, 149),
(321, 150),
(321, 151),
(321, 152),
(321, 153),
(321, 154),
(321, 155),
(321, 156),
(321, 157),
(321, 158),
(321, 159),
(321, 160),
(321, 161),
(321, 162),
(321, 163),
(321, 164),
(321, 165),
(321, 166),
(321, 167),
(321, 168),
(321, 169),
(321, 170),
(321, 171),
(321, 172),
(321, 173),
(321, 174),
(321, 175),
(321, 176),
(321, 177),
(321, 178),
(321, 179),
(321, 180),
(321, 181),
(321, 182),
(321, 183),
(321, 184),
(321, 185),
(321, 186),
(321, 187),
(321, 188),
(321, 189),
(321, 190),
(321, 191),
(321, 192),
(321, 193),
(321, 194),
(321, 195),
(321, 196),
(321, 197),
(321, 198),
(321, 199),
(321, 200),
(321, 201),
(321, 202),
(321, 203),
(321, 204),
(321, 205),
(321, 206),
(321, 207),
(321, 208),
(321, 209),
(321, 210),
(321, 211),
(321, 212),
(321, 213),
(321, 214),
(321, 215),
(321, 216),
(321, 217),
(321, 218),
(321, 219),
(321, 220),
(321, 221),
(321, 222),
(321, 223),
(321, 224),
(321, 225),
(321, 226),
(321, 227),
(321, 228),
(321, 229),
(321, 230),
(321, 231),
(321, 232),
(321, 233),
(321, 234),
(321, 235),
(321, 236),
(321, 237),
(321, 238),
(321, 239),
(321, 240),
(321, 241),
(322, 128),
(322, 129),
(322, 130),
(322, 131),
(322, 132),
(322, 133),
(322, 134),
(322, 135),
(322, 136),
(322, 137),
(322, 138),
(322, 139),
(322, 140),
(322, 141),
(322, 142),
(322, 143),
(322, 144),
(322, 145),
(322, 146),
(322, 147),
(322, 148),
(322, 149),
(322, 150),
(322, 151),
(322, 152),
(322, 153),
(322, 154),
(322, 155),
(322, 156),
(322, 157),
(322, 158),
(322, 159),
(322, 160),
(322, 161),
(322, 162),
(322, 163),
(322, 164),
(322, 165),
(322, 166),
(322, 167),
(322, 168),
(322, 169),
(322, 170),
(322, 171),
(322, 172),
(322, 173),
(322, 174),
(322, 175),
(322, 176),
(322, 177),
(322, 178),
(322, 179),
(322, 180),
(322, 181),
(322, 182),
(322, 183),
(322, 184),
(322, 185),
(322, 186),
(322, 187),
(322, 188),
(322, 189),
(322, 190),
(322, 191),
(322, 192),
(322, 193),
(322, 194),
(322, 195),
(322, 196),
(322, 197),
(322, 198),
(322, 199),
(322, 200),
(322, 201),
(322, 202),
(322, 203),
(322, 204),
(322, 205),
(322, 206),
(322, 207),
(322, 208),
(322, 209),
(322, 210),
(322, 211),
(322, 212),
(322, 213),
(322, 214),
(322, 215),
(322, 216),
(322, 217),
(322, 218),
(322, 219),
(322, 220),
(322, 221),
(322, 222),
(322, 223),
(322, 224),
(322, 225),
(322, 226),
(322, 227),
(322, 228),
(322, 229),
(322, 230),
(322, 231),
(322, 232),
(322, 233),
(322, 234),
(322, 235),
(322, 236),
(322, 237),
(322, 238),
(322, 239),
(322, 240),
(322, 241),
(323, 128),
(323, 129),
(323, 130),
(323, 131),
(323, 132),
(323, 133),
(323, 134),
(323, 135),
(323, 136),
(323, 137),
(323, 138),
(323, 139),
(323, 140),
(323, 141),
(323, 142),
(323, 143),
(323, 144),
(323, 145),
(323, 146),
(323, 147),
(323, 148),
(323, 149),
(323, 150),
(323, 151),
(323, 152),
(323, 153),
(323, 154),
(323, 155),
(323, 156),
(323, 157),
(323, 158),
(323, 159),
(323, 160),
(323, 161),
(323, 162),
(323, 163),
(323, 164),
(323, 165),
(323, 166),
(323, 167),
(323, 168),
(323, 169),
(323, 170),
(323, 171),
(323, 172),
(323, 173),
(323, 174),
(323, 175),
(323, 176),
(323, 177),
(323, 178),
(323, 179),
(323, 180),
(323, 181),
(323, 182),
(323, 183),
(323, 184),
(323, 185),
(323, 186),
(323, 187),
(323, 188),
(323, 189),
(323, 190),
(323, 191),
(323, 192),
(323, 193),
(323, 194),
(323, 195),
(323, 196),
(323, 197),
(323, 198),
(323, 199),
(323, 200),
(323, 201),
(323, 202),
(323, 203),
(323, 204),
(323, 205),
(323, 206),
(323, 207),
(323, 208),
(323, 209),
(323, 210),
(323, 211),
(323, 212),
(323, 213),
(323, 214),
(323, 215),
(323, 216),
(323, 217),
(323, 218),
(323, 219),
(323, 220),
(323, 221),
(323, 222),
(323, 223),
(323, 224),
(323, 225),
(323, 226),
(323, 227),
(323, 228),
(323, 229),
(323, 230),
(323, 231),
(323, 232),
(323, 233),
(323, 234),
(323, 235),
(323, 236),
(323, 237),
(323, 238),
(323, 239),
(323, 240),
(323, 241),
(333, 242),
(334, 242),
(335, 242),
(336, 242),
(337, 242),
(338, 242),
(338, 243),
(338, 244),
(339, 242),
(339, 243),
(339, 244),
(340, 242),
(341, 242),
(342, 242),
(342, 244),
(343, 242),
(344, 243),
(344, 244),
(345, 242),
(345, 245),
(345, 246),
(346, 242),
(346, 247),
(346, 248),
(347, 249),
(330, 123),
(347, 123),
(348, 250),
(349, 250),
(350, 250),
(351, 251),
(364, 252),
(366, 253),
(372, 254),
(379, 255),
(380, 255),
(381, 255),
(388, 252),
(388, 257),
(388, 258),
(390, 259),
(391, 260),
(393, 252),
(403, 255),
(404, 261),
(405, 262),
(406, 255),
(411, 263),
(411, 264),
(412, 254),
(413, 252),
(414, 252),
(415, 266),
(417, 267),
(419, 268),
(419, 262),
(421, 252),
(423, 269),
(423, 270),
(426, 271),
(427, 272),
(427, 273),
(427, 261),
(429, 274),
(430, 260),
(431, 272),
(432, 255),
(432, 273),
(433, 275),
(433, 276),
(434, 277),
(436, 254);

-- --------------------------------------------------------

-- 
-- Table structure for table `samples`
-- 

CREATE TABLE `samples` (
  `id` int(11) NOT NULL auto_increment,
  `directory` varchar(50) NOT NULL,
  `name` varchar(40) NOT NULL default '',
  PRIMARY KEY  (`id`)
) ENGINE=MyISAM AUTO_INCREMENT=609 DEFAULT CHARSET=latin1 AUTO_INCREMENT=609 ;

-- 
-- Dumping data for table `samples`
-- 

INSERT INTO `samples` (`id`, `directory`, `name`) VALUES (1, 'in_action/chapter01', 'HelloWorld.pdf'),
(2, 'in_action/chapter01', 'HelloWorldRead.pdf'),
(3, 'in_action/chapter01', 'HelloWorldRead_1.pdf'),
(4, 'in_action/chapter01', 'HelloWorldRead_2.pdf'),
(5, 'in_action/chapter01', 'HelloWorldRead_3.pdf'),
(6, 'in_action/chapter02', 'HelloWorld.pdf'),
(7, 'in_action/chapter02', 'HelloWorldNarrow.pdf'),
(8, 'in_action/chapter02', 'HelloWorldLetter.pdf'),
(9, 'in_action/chapter02', 'HelloWorldLandscape.pdf'),
(10, 'in_action/chapter02', 'HelloWorldLandscape2.pdf'),
(11, 'in_action/chapter02', 'HelloWorldBlue.pdf'),
(12, 'in_action/chapter02', 'HelloWorldMargins.pdf'),
(13, 'in_action/chapter02', 'HelloWorldMirroredMargins.pdf'),
(14, 'in_action/chapter02', 'HelloWorldMultiple.htm'),
(15, 'in_action/chapter02', 'HelloWorldMultiple.rtf'),
(16, 'in_action/chapter02', 'HelloWorldMultiple.pdf'),
(17, 'in_action/chapter02', 'HelloWorldOpen.pdf'),
(18, 'in_action/chapter02', 'HelloWorld_1_6.pdf'),
(19, 'in_action/chapter02', 'HelloWorldMetadata.htm'),
(20, 'in_action/chapter02', 'HelloWorldMetadata.rtf'),
(21, 'in_action/chapter02', 'HelloWorldMetadata.pdf'),
(22, 'in_action/chapter02', 'HelloWorldAbsolute.pdf'),
(23, 'in_action/chapter02', 'HelloWorldGraphics2D.pdf'),
(24, 'in_action/chapter02', 'HelloWorldToRead.pdf'),
(25, 'in_action/chapter02', 'HelloWorldRead.pdf'),
(26, 'in_action/chapter02', 'bookmarks.xml'),
(27, 'in_action/chapter02', 'HelloWorldNoMetadata.pdf'),
(28, 'in_action/chapter02', 'HelloWorldStampedMetadata.pdf'),
(29, 'in_action/chapter02', 'HelloWorldForm.pdf'),
(30, 'in_action/chapter02', 'HelloWorldFilledInForm.pdf'),
(31, 'in_action/chapter02', 'HelloWorldFilledInFlattened.pdf'),
(32, 'in_action/chapter02', 'HelloWorldStamper.pdf'),
(33, 'in_action/chapter02', 'HelloWorldStamper2.pdf'),
(34, 'in_action/chapter02', 'HelloWorldStamperAdvanced.pdf'),
(35, 'in_action/chapter02', 'HelloWorldStamperImportedPages.pdf'),
(36, 'in_action/chapter02', 'HelloWorldToImport.pdf'),
(37, 'in_action/chapter02', 'HelloWorldImportedPages.pdf'),
(38, 'in_action/chapter02', 'HelloWorldFolded.pdf'),
(39, 'in_action/chapter02', 'Hello1.pdf'),
(40, 'in_action/chapter02', 'Hello2.pdf'),
(41, 'in_action/chapter02', 'Hello3.pdf'),
(42, 'in_action/chapter02', 'HelloWorldPdfCopy123.pdf'),
(43, 'in_action/chapter02', 'HelloWorldMultiplePages.pdf'),
(44, 'in_action/chapter02', 'HelloWorldSelectPagesOdd.pdf'),
(45, 'in_action/chapter02', 'HelloWorldSelectPagesEven.pdf'),
(46, 'in_action/chapter02', 'HelloWorldSelectPages12379.pdf'),
(47, 'in_action/chapter02', 'HelloSelectedOdd.pdf'),
(48, 'in_action/chapter02', 'HelloSelectedEven.pdf'),
(49, 'in_action/chapter02', 'HelloSelected12379.pdf'),
(50, 'in_action/chapter02', 'HelloWorldForm1.pdf'),
(51, 'in_action/chapter02', 'HelloWorldForm2.pdf'),
(52, 'in_action/chapter02', 'HelloWorldForm3.pdf'),
(53, 'in_action/chapter02', 'HelloWorldCopyForm.pdf'),
(54, 'in_action/chapter02', 'HelloWorldCopyFields.pdf'),
(55, 'in_action/chapter02', 'HelloLetter.pdf'),
(56, 'in_action/chapter02', 'HelloWorldStampCopy.pdf'),
(57, 'in_action/chapter02', 'HelloWorldLetter1.pdf'),
(58, 'in_action/chapter02', 'HelloWorldLetter2.pdf'),
(59, 'in_action/chapter02', 'HelloWorldCopyStamp.pdf'),
(60, 'in_action/chapter02', 'HelloWorldStampCopyStamp.pdf'),
(61, 'in_action/chapter03', 'HelloWorldMaximum.pdf'),
(62, 'in_action/chapter03', 'HelloWorldUncompressed.pdf'),
(63, 'in_action/chapter03', 'HelloWorldFullyCompressed.pdf'),
(64, 'in_action/chapter03', 'HelloWorldCompressed.pdf'),
(65, 'in_action/chapter03', 'HelloWorldFullCompression.pdf'),
(66, 'in_action/chapter03', 'HelloWorldDecompressed.pdf'),
(67, 'in_action/chapter03', 'HelloWorldNotEncrypted.pdf'),
(68, 'in_action/chapter03', 'HelloWorldEncrypted1.pdf'),
(69, 'in_action/chapter03', 'HelloWorldEncrypted2.pdf'),
(70, 'in_action/chapter03', 'HelloWorldDecrypted.pdf'),
(71, 'in_action/chapter03', 'HelloWorldEncrypted.pdf'),
(72, 'in_action/chapter04', 'fox_dog_chunk.pdf'),
(73, 'in_action/chapter04', 'fox_dog_overlapping_chunks.pdf'),
(74, 'in_action/chapter04', 'fox_dog_phrases.pdf'),
(75, 'in_action/chapter04', 'fox_dog_paragraph.pdf'),
(76, 'in_action/chapter04', 'fox_dog_anchors_external.pdf'),
(77, 'in_action/chapter04', 'fox_dog_anchors_internal.pdf'),
(78, 'in_action/chapter04', 'fox_dog_list1.pdf'),
(79, 'in_action/chapter04', 'fox_dog_list2.pdf'),
(80, 'in_action/chapter04', 'fox_dog_chapter1.pdf'),
(81, 'in_action/chapter04', 'fox_dog_chapter2.pdf'),
(82, 'in_action/chapter04', 'fox_dog_scaling.pdf'),
(83, 'in_action/chapter04', 'fox_dog_underline.pdf'),
(84, 'in_action/chapter04', 'fox_dog_supsubscript.pdf'),
(85, 'in_action/chapter04', 'fox_dog_skew.pdf'),
(86, 'in_action/chapter04', 'fox_dog_color.pdf'),
(87, 'in_action/chapter04', 'fox_dog_render.pdf'),
(88, 'in_action/chapter04', 'fox_dog_split.pdf'),
(89, 'in_action/chapter04', 'dickens.pdf'),
(90, 'in_action/chapter04', 'fox_dog_space_char_ratio.pdf'),
(91, 'in_action/chapter04', 'fox_dog_goto1.pdf'),
(92, 'in_action/chapter04', 'fox.pdf'),
(93, 'in_action/chapter04', 'dog.pdf'),
(94, 'in_action/chapter04', 'fox_dog_goto3.pdf'),
(95, 'in_action/chapter04', 'fox_dog_goto4.pdf'),
(96, 'in_action/chapter04', 'fox_dog_generic1.pdf'),
(97, 'in_action/chapter04', 'fox_dog_generic2.pdf'),
(98, 'in_action/chapter04', 'fox_dog_generic3.pdf'),
(99, 'in_action/chapter04', 'fancyflyer.pdf'),
(100, 'in_action/chapter05', 'fox_dog_imagetypes.pdf'),
(101, 'in_action/chapter05', 'fox_dog_tiff.pdf'),
(102, 'in_action/chapter05', 'fox_dog_gif.pdf'),
(103, 'in_action/chapter05', 'hitchcock_awt_image.pdf'),
(104, 'in_action/chapter05', 'hitchcock.pdf'),
(105, 'in_action/chapter05', 'hitchcock10.pdf'),
(106, 'in_action/chapter05', 'hitchcock20.pdf'),
(107, 'in_action/chapter05', 'hitchcock100.pdf'),
(108, 'in_action/chapter05', 'hitchcockAwt.pdf'),
(109, 'in_action/chapter05', 'fox_dog_raw_image.pdf'),
(110, 'in_action/chapter05', 'barcodes.pdf'),
(111, 'in_action/chapter05', 'fox_dog_image_alignment.pdf'),
(112, 'in_action/chapter05', 'fox_dog_image_wrapping.pdf'),
(113, 'in_action/chapter05', 'fox_dog_imagechunk.pdf'),
(114, 'in_action/chapter05', 'fox_dog_image_rectangle.pdf'),
(115, 'in_action/chapter05', 'fox_dog_imageNotInSequence.pdf'),
(116, 'in_action/chapter05', 'fox_dog_imageInSequence.pdf'),
(117, 'in_action/chapter05', 'fox_dog_image_translation.pdf'),
(118, 'in_action/chapter05', 'fox_dog_image_scaling1.pdf'),
(119, 'in_action/chapter05', 'fox_dog_image_scaling2.pdf'),
(120, 'in_action/chapter05', 'fox_dog_image_rotation.pdf'),
(121, 'in_action/chapter05', 'fox_dog_image_mask.pdf'),
(122, 'in_action/chapter05', 'fancyflyer.pdf'),
(123, 'in_action/chapter06', 'my_first_pdfptable.pdf'),
(124, 'in_action/chapter06', 'pdfptable_aligned.pdf'),
(125, 'in_action/chapter06', 'pdfptable_absolute_width.pdf'),
(126, 'in_action/chapter06', 'pdfptable_column_widths.pdf'),
(127, 'in_action/chapter06', 'pdfptable_absolute_widths.pdf'),
(128, 'in_action/chapter06', 'pdfptable_absolute_columns.pdf'),
(129, 'in_action/chapter06', 'pdfptable_spacing.pdf'),
(130, 'in_action/chapter06', 'pdfptable_without_borders.pdf'),
(131, 'in_action/chapter06', 'pdfptable_cell_alignment.pdf'),
(132, 'in_action/chapter06', 'pdfptable_cellspacing.pdf'),
(133, 'in_action/chapter06', 'pdfptable_cellheights.pdf'),
(134, 'in_action/chapter06', 'pdfptable_colors.pdf'),
(135, 'in_action/chapter06', 'pdfptable_vertical_cells.pdf'),
(136, 'in_action/chapter06', 'pdfptable_nested.pdf'),
(137, 'in_action/chapter06', 'pdfptable_images.pdf'),
(138, 'in_action/chapter06', 'SplitRowsBetween.pdf'),
(139, 'in_action/chapter06', 'SplitRowsWithin.pdf'),
(140, 'in_action/chapter06', 'OmitRows.pdf'),
(141, 'in_action/chapter06', 'pdfptable_repeated.pdf'),
(142, 'in_action/chapter06', 'pdfptable_repeated2.pdf'),
(143, 'in_action/chapter06', 'pdfptable_large.pdf'),
(144, 'in_action/chapter06', 'pdfptable_compared.pdf'),
(145, 'in_action/chapter06', 'pdfptable_writeselectedrows.pdf'),
(146, 'in_action/chapter06', 'pdfptable_split_vertically.pdf'),
(147, 'in_action/chapter06', 'my_first_table.pdf'),
(148, 'in_action/chapter06', 'my_first_table.htm'),
(149, 'in_action/chapter06', 'my_first_table.rtf'),
(150, 'in_action/chapter06', 'specific_cells.pdf'),
(151, 'in_action/chapter06', 'studyprogram.pdf'),
(152, 'in_action/chapter06', 'studyprogram.htm'),
(153, 'in_action/chapter07', 'caesar.pdf'),
(154, 'in_action/chapter07', 'paragraphs.pdf'),
(155, 'in_action/chapter07', 'column_with_add_text.pdf'),
(156, 'in_action/chapter07', 'column_set_simple_column.pdf'),
(157, 'in_action/chapter07', 'column_set_text.pdf'),
(158, 'in_action/chapter07', 'column_control.pdf'),
(159, 'in_action/chapter07', 'columns_regular.pdf'),
(160, 'in_action/chapter07', 'columns_irregular.pdf'),
(161, 'in_action/chapter07', 'column_properties.pdf'),
(162, 'in_action/chapter07', 'column_elements.pdf'),
(163, 'in_action/chapter07', 'column_with_add_element.pdf'),
(164, 'in_action/chapter07', 'poem.pdf'),
(165, 'in_action/chapter07', 'poem_reverse.pdf'),
(166, 'in_action/chapter07', 'poemcolumns.pdf'),
(167, 'in_action/chapter07', 'multicolumn_irregular.pdf'),
(168, 'in_action/chapter07', 'coursecatalog.pdf'),
(169, 'in_action/chapter07', 'coursecatalog.pdf'),
(172, 'in_action/chapter08', 'standard_type1_fonts.pdf'),
(173, 'in_action/chapter08', 'font_metrics.pdf'),
(174, 'in_action/chapter08', 'standard_type1_font_afm.pdf'),
(175, 'in_action/chapter08', 'type1_font_afm.pdf'),
(176, 'in_action/chapter08', 'type1_font_pfb_with_afm.pdf'),
(177, 'in_action/chapter08', 'type1_font_pfb_with_pfm.pdf'),
(178, 'in_action/chapter08', 'type3.pdf'),
(179, 'in_action/chapter08', 'ttf.pdf'),
(180, 'in_action/chapter08', 'cff.pdf'),
(181, 'in_action/chapter08', 'ttf_encoding.pdf'),
(182, 'in_action/chapter08', 'font_not_embedded.pdf'),
(183, 'in_action/chapter08', 'font_embedded1.pdf'),
(184, 'in_action/chapter08', 'font_embedded2.pdf'),
(185, 'in_action/chapter08', 'cjk.pdf'),
(186, 'in_action/chapter08', 'cid_ttoutlines.pdf'),
(187, 'in_action/chapter08', 'ttc.pdf'),
(188, 'in_action/chapter09', 'vertical_text.pdf'),
(189, 'in_action/chapter09', 'right_to_left.pdf'),
(190, 'in_action/chapter09', 'say_peace.pdf'),
(191, 'in_action/chapter09', 'diacritics1.pdf'),
(192, 'in_action/chapter09', 'diacritics2.pdf'),
(193, 'in_action/chapter09', 'monospace.pdf'),
(194, 'in_action/chapter09', 'ligatures1.pdf'),
(195, 'in_action/chapter09', 'ligatures2.pdf'),
(196, 'in_action/chapter09', 'font_factory1.pdf'),
(197, 'in_action/chapter09', 'font_factory2.pdf'),
(198, 'in_action/chapter09', 'symbol_substitution.pdf'),
(199, 'in_action/chapter09', 'font_selection.pdf'),
(200, 'in_action/chapter09', 'peace.pdf'),
(201, 'in_action/chapter10', 'invisible_rectangles.pdf'),
(202, 'in_action/chapter10', 'paths1.pdf'),
(203, 'in_action/chapter10', 'paths2.pdf'),
(204, 'in_action/chapter10', 'paths3.pdf'),
(205, 'in_action/chapter10', 'paths4.pdf'),
(206, 'in_action/chapter10', 'direct_content.pdf'),
(207, 'in_action/chapter10', 'pdfptable_cell_events.pdf'),
(208, 'in_action/chapter10', 'pdfptable_events.pdf'),
(209, 'in_action/chapter10', 'pdfptable_floating_boxes.pdf'),
(210, 'in_action/chapter10', 'graphics_state_stack.pdf'),
(211, 'in_action/chapter10', 'line_characteristics.pdf'),
(212, 'in_action/chapter10', 'eye_logo.pdf'),
(213, 'in_action/chapter10', 'eye_coordinates.pdf'),
(214, 'in_action/chapter10', 'eye_images.pdf'),
(215, 'in_action/chapter10', 'eye_inline_image.pdf'),
(216, 'in_action/chapter10', 'foobarcity.pdf'),
(217, 'in_action/chapter11', 'device_color.pdf'),
(218, 'in_action/chapter11', 'separation_color.pdf'),
(219, 'in_action/chapter11', 'patterns.pdf'),
(220, 'in_action/chapter11', 'shading_patterns.pdf'),
(221, 'in_action/chapter11', 'colored_paragraphs.pdf'),
(222, 'in_action/chapter11', 'transparency1.pdf'),
(223, 'in_action/chapter11', 'transparency2.pdf'),
(224, 'in_action/chapter11', 'transparency3.pdf'),
(225, 'in_action/chapter11', 'template_clip.pdf'),
(226, 'in_action/chapter11', 'clipping_path.pdf'),
(227, 'in_action/chapter11', 'text_operators.pdf'),
(228, 'in_action/chapter11', 'text_methods.pdf'),
(229, 'in_action/chapter11', 'foobar_streets.pdf'),
(230, 'in_action/chapter12', 'sun_tutorial.pdf'),
(231, 'in_action/chapter12', 'sun_tutorial_with_text.pdf'),
(232, 'in_action/chapter12', 'japanese1.pdf'),
(233, 'in_action/chapter12', 'japanese2.pdf'),
(234, 'in_action/chapter12', 'hindi.pdf'),
(235, 'in_action/chapter12', 'my_jtable_fonts.pdf'),
(236, 'in_action/chapter12', 'my_jtable_shapes.pdf'),
(237, 'in_action/chapter12', 'editor.pdf'),
(238, 'in_action/chapter12', 'barchart.pdf'),
(239, 'in_action/chapter12', 'piechart.pdf'),
(240, 'in_action/chapter12', 'peek-a-boo.pdf'),
(241, 'in_action/chapter12', 'optional_content.pdf'),
(242, 'in_action/chapter12', 'layer_membership.pdf'),
(243, 'in_action/chapter12', 'action.pdf'),
(244, 'in_action/chapter12', 'xobjects.pdf'),
(245, 'in_action/chapter12', 'interactive_city.pdf'),
(246, 'in_action/chapter13', 'single_page.pdf'),
(247, 'in_action/chapter13', 'one_column.pdf'),
(248, 'in_action/chapter13', 'two_column_left.pdf'),
(249, 'in_action/chapter13', 'two_column_right.pdf'),
(250, 'in_action/chapter13', 'two_page_left.pdf'),
(251, 'in_action/chapter13', 'two_page_right.pdf'),
(252, 'in_action/chapter13', 'page_mode_and_layout.pdf'),
(253, 'in_action/chapter13', 'full_screen.pdf'),
(254, 'in_action/chapter13', 'hide_menu_center_window.pdf'),
(255, 'in_action/chapter13', 'no_ui_fit_window.pdf'),
(256, 'in_action/chapter13', 'display_title_two_page_left.pdf'),
(257, 'in_action/chapter13', 'no_toolbar_use_thumbs.pdf'),
(258, 'in_action/chapter13', 'page_labels.pdf'),
(259, 'in_action/chapter13', 'photo_album.pdf'),
(260, 'in_action/chapter13', 'thumb_image.pdf'),
(261, 'in_action/chapter13', 'slide_show.pdf'),
(262, 'in_action/chapter13', 'explicit_destinations.pdf'),
(263, 'in_action/chapter13', 'explicit_destinations.xml'),
(264, 'in_action/chapter13', 'outline_actions.pdf'),
(265, 'in_action/chapter13', 'outline_actions1.xml'),
(266, 'in_action/chapter13', 'outline_actions2.xml'),
(267, 'in_action/chapter13', 'HelloWorldRead.pdf'),
(268, 'in_action/chapter13', 'HelloWorldManipulateBookmarks.pdf'),
(269, 'in_action/chapter13', 'manipulated_bookmarks.xml'),
(270, 'in_action/chapter13', 'HelloWorld1.pdf'),
(271, 'in_action/chapter13', 'HelloWorld2.pdf'),
(272, 'in_action/chapter13', 'HelloWorld3.pdf'),
(273, 'in_action/chapter13', 'HelloWorldCopyBookmarks.pdf'),
(274, 'in_action/chapter13', 'named_actions.pdf'),
(275, 'in_action/chapter13', 'goto.pdf'),
(276, 'in_action/chapter13', 'remote.pdf'),
(277, 'in_action/chapter13', 'remote.xml'),
(278, 'in_action/chapter13', 'event_triggered_actions.pdf'),
(279, 'in_action/chapter13', 'document_level_javascript.pdf'),
(280, 'in_action/chapter13', 'launch_action.pdf'),
(281, 'in_action/chapter13', 'course_catalog_bookmarks.pdf'),
(282, 'in_action/chapter13', 'course_catalog_bookmarks.html'),
(283, 'in_action/chapter13', 'course_catalog_bookmarks.xml'),
(284, 'in_action/chapter14', 'HelloWorld_one_page.pdf'),
(285, 'in_action/chapter14', 'HelloWorld_empty_pages.pdf'),
(286, 'in_action/chapter14', 'page_boundaries.pdf'),
(287, 'in_action/chapter14', 'reorder_pages.pdf'),
(288, 'in_action/chapter14', 'header_footer.pdf'),
(289, 'in_action/chapter14', 'page_numbers.pdf'),
(290, 'in_action/chapter14', 'watermarks.pdf'),
(291, 'in_action/chapter14', 'slide_show.pdf'),
(292, 'in_action/chapter14', 'paragraph_outlines.pdf'),
(293, 'in_action/chapter14', 'chapter_events.pdf'),
(294, 'in_action/chapter14', 'toc.pdf'),
(295, 'in_action/chapter14', 'toc_chapters.pdf'),
(296, 'in_action/chapter14', 'simple_letter.pdf'),
(297, 'in_action/chapter14', 'simple_letter1.pdf'),
(298, 'in_action/chapter14', 'simple_letter2.pdf'),
(299, 'in_action/chapter14', 'simple_letters.pdf'),
(300, 'in_action/chapter14', 'romeo_juliet.pdf'),
(301, 'in_action/chapter14', 'html1.pdf'),
(302, 'in_action/chapter14', 'html2.pdf'),
(303, 'in_action/chapter14', 'html3.pdf'),
(304, 'in_action/chapter14', 'course_catalog_events.pdf'),
(305, 'in_action/chapter15', 'simple_annotations1.pdf'),
(306, 'in_action/chapter15', 'simple_annotations1.pdf'),
(307, 'in_action/chapter15', 'text_annotations.pdf'),
(308, 'in_action/chapter15', 'annotations.pdf'),
(309, 'in_action/chapter15', 'annotated_chunks.pdf'),
(310, 'in_action/chapter15', 'annotated_images.pdf'),
(311, 'in_action/chapter15', 'buttons.pdf'),
(312, 'in_action/chapter15', 'buttons2.pdf'),
(313, 'in_action/chapter15', 'textfields.pdf'),
(314, 'in_action/chapter15', 'choicefields.pdf'),
(315, 'in_action/chapter15', 'sender_receiver.pdf'),
(316, 'in_action/chapter15', 'calculator.pdf'),
(317, 'in_action/chapter15', 'field_actions.pdf'),
(318, 'in_action/chapter16', 'register_form1.pdf'),
(319, 'in_action/chapter16', 'registered1_1.pdf'),
(320, 'in_action/chapter16', 'registered1_2.pdf'),
(321, 'in_action/chapter16', 'registered1_3.pdf'),
(322, 'in_action/chapter16', 'registered1_4.pdf'),
(323, 'in_action/chapter16', 'register_form2.pdf'),
(324, 'in_action/chapter16', 'registered2.pdf'),
(325, 'in_action/chapter16', 'registered2_1.pdf'),
(326, 'in_action/chapter16', 'registered2_2.pdf'),
(327, 'in_action/chapter16', 'registered2_X.pdf'),
(328, 'in_action/chapter16', 'registered2_Y.pdf'),
(329, 'in_action/chapter16', 'register_form3.pdf'),
(330, 'in_action/chapter16', 'register_form3.fdf'),
(331, 'in_action/chapter16', 'registered3.pdf'),
(332, 'in_action/chapter16', 'registered_1_1.pdf'),
(333, 'in_action/chapter16', 'registered1.fdf'),
(334, 'in_action/chapter16', 'registered3X.pdf'),
(335, 'in_action/chapter16', 'unsigned_signature_field.pdf'),
(336, 'in_action/chapter16', 'signed_signature_field.pdf'),
(337, 'in_action/chapter16', 'unsigned_message.pdf'),
(338, 'in_action/chapter16', 'signed_message.pdf'),
(339, 'in_action/chapter16', 'corrupted_message.pdf'),
(340, 'in_action/chapter16', 'signed_message_invisible.pdf'),
(341, 'in_action/chapter16', 'double_signed_message.pdf'),
(342, 'in_action/chapter16', 'revision_1.pdf'),
(343, 'in_action/chapter16', 'revision_2.pdf'),
(344, 'in_action/chapter18', 'HelloWorld.pdf'),
(345, 'in_action/chapter18', 'updated.pdf'),
(346, 'in_action/chapter18', 'read_me.pdf'),
(347, 'in_action/chapter18', 'objects.txt'),
(348, 'in_action/chapter18', 'HelloWorldStream.pdf'),
(349, 'in_action/chapter18', 'HelloWorldStreamHacked.pdf'),
(350, 'in_action/chapter18', 'HelloWorldReverse.pdf'),
(351, 'in_action/chapter18', 'HelloWorldStreamHack.pdf'),
(352, 'in_action/chapter18', 'silent_printing.pdf'),
(353, 'in_action/chapter18', 'learningagreement.pdf'),
(354, 'in_action/chapterF', 'HelloWorldPdfX.pdf'),
(355, 'in_action/chapterF', 'HelloWorldXmpMetadata.pdf'),
(356, 'in_action/chapterF', 'HelloWorldXmpMetadata2.pdf'),
(357, 'in_action/chapterF', 'HelloWorldToRead.pdf'),
(358, 'in_action/chapterF', 'HelloWorldNoMetadata.pdf'),
(359, 'in_action/chapterF', 'HelloWorldStampedMetadata.pdf'),
(360, 'in_action/chapterF', 'marked_content.pdf'),
(361, 'in_action/chapterX', 'columntext.pdf'),
(362, 'in_action/chapterX', 'kalligraphy.pdf'),
(363, 'in_action/chapterX', 'nbsp.pdf'),
(364, 'in_action/chapterX', 'hyphen_not_hyphenated.pdf'),
(365, 'in_action/chapterX', 'HelloWorldForm.pdf'),
(366, 'in_action/chapterX', 'HelloWorldFormWithButton.pdf'),
(367, 'in_action/chapterX', 'cell_image_background.pdf'),
(368, 'in_action/chapterX', 'FoobarTranscriptOfRecords.pdf'),
(369, 'in_action/chapterX', 'brunoToR_en.pdf'),
(370, 'in_action/chapterX', 'FoobarTranscriptOfRecordsFR.pdf'),
(371, 'in_action/chapterX', 'brunoToR_fr.pdf'),
(372, 'in_action/chapterX', 'HelloWorldFormWithUnicode.pdf'),
(373, 'in_action/chapterX', 'HelloWorldForm2.pdf'),
(374, 'in_action/chapterX', 'HelloWorldFormWithUnicode2.pdf'),
(375, 'in_action/chapterX', 'gis.pdf'),
(376, 'in_action/chapterX', 'normal_distribution.pdf'),
(377, 'in_action/chapterX', 'not_rotated.pdf'),
(378, 'in_action/chapterX', 'rotated.pdf'),
(379, 'in_action/chapterX', 'tables_in_columns.pdf'),
(380, 'in_action/chapterX', 'HelloWorldEncryptedAES.pdf'),
(381, 'in_action/chapterX', 'not_embedded.pdf'),
(382, 'in_action/chapterX', 'embedded.pdf'),
(383, 'in_action/chapterX', 'Hello1.pdf'),
(384, 'in_action/chapterX', 'Hello2.pdf'),
(385, 'in_action/chapterX', 'Hello3.pdf'),
(386, 'in_action/chapterX', 'HelloWorldPackage.pdf'),
(387, 'in_action/chapterX', 'hack_1.pdf'),
(388, 'in_action/chapterX', 'hack_2.pdf'),
(389, 'in_action/chapterX', 'hack_3.pdf'),
(390, 'in_action/chapterX', 'altered_hack_1.pdf'),
(391, 'in_action/chapterX', 'altered_hack_2.pdf'),
(392, 'in_action/chapterX', 'altered_hack_3.pdf'),
(393, 'in_action/chapterX', 'another_hack_1.pdf'),
(394, 'in_action/chapterX', 'another_hack_2.pdf'),
(395, 'in_action/chapterX', 'another_hack_3.pdf'),
(396, 'in_action/chapterX', 'read_out_loud.pdf'),
(397, 'in_action/chapterX', 'tooltip.pdf'),
(398, 'in_action/chapterX', 'tooltip2.pdf'),
(399, 'in_action/chapterX', 'tooltip3.pdf'),
(400, 'classroom/intro', 'hello01.pdf'),
(401, 'classroom/intro', 'hello02.pdf'),
(402, 'classroom/intro', 'hello03.pdf'),
(403, 'classroom/intro', 'hello04.pdf'),
(404, 'classroom/intro', 'hello05.pdf'),
(405, 'classroom/intro', 'hello06.pdf'),
(406, 'classroom/intro', 'hello07.pdf'),
(407, 'classroom/intro', 'hello08.pdf'),
(408, 'classroom/intro', 'hello09_helper.pdf'),
(409, 'classroom/intro', 'hello09.pdf'),
(410, 'classroom/intro', 'hello10.pdf'),
(411, 'classroom/intro', 'hello11.pdf'),
(412, 'classroom/intro', 'hello12.pdf'),
(413, 'classroom/filmfestival', 'movies01.pdf'),
(414, 'classroom/filmfestival', 'movies02.pdf'),
(415, 'classroom/filmfestival', 'movies03.pdf'),
(416, 'classroom/filmfestival', 'movies04.pdf'),
(417, 'classroom/filmfestival', 'movies05.pdf'),
(418, 'classroom/filmfestival', 'movies06.pdf'),
(419, 'classroom/filmfestival', 'movies07.pdf'),
(420, 'classroom/filmfestival', 'movies08.pdf'),
(421, 'classroom/filmfestival', 'movies09.pdf'),
(422, 'classroom/filmfestival', 'movies10.pdf'),
(423, 'classroom/filmfestival', 'movies11.pdf'),
(424, 'classroom/filmfestival', 'movies12.pdf'),
(425, 'classroom/filmfestival', 'movies13.pdf'),
(426, 'classroom/filmfestival', 'movies14.pdf'),
(427, 'classroom/filmfestival', 'movies15.pdf'),
(428, 'classroom/filmfestival', 'movies16.pdf'),
(429, 'classroom/filmfestival', 'movies17.pdf'),
(430, 'classroom/filmfestival', 'movies18.pdf'),
(431, 'classroom/filmfestival', 'movies19.pdf'),
(432, 'classroom/filmfestival', 'movies20.pdf'),
(433, 'classroom/filmfestival', 'movies21.pdf'),
(434, 'classroom/filmfestival', 'movies24.pdf'),
(435, 'classroom/filmfestival', 'movies22.pdf'),
(436, 'classroom/filmfestival', 'movies23_1.pdf'),
(437, 'classroom/filmfestival', 'movies23_2.pdf'),
(438, 'classroom/newspaper', 'newspaper01.pdf'),
(439, 'classroom/newspaper', 'newspaper02.pdf'),
(440, 'classroom/newspaper', 'newspaper03.pdf'),
(441, 'classroom/newspaper', 'newspaper04.pdf'),
(442, 'classroom/newspaper', 'newspaper05.pdf'),
(443, 'classroom/newspaper', 'newspaper06.pdf'),
(444, 'classroom/newspaper', 'newspaper07.pdf'),
(445, 'classroom/newspaper', 'newspaper08.pdf'),
(446, 'classroom/newspaper', 'newspaper09.pdf'),
(447, 'classroom/newspaper', 'newspaper10.pdf'),
(448, 'classroom/newspaper', 'newspaper11.pdf'),
(449, 'classroom/newspaper', 'newspaper12.pdf'),
(450, 'classroom/newspaper', 'newspaper13.pdf'),
(451, 'classroom/newspaper', 'newspaper14.pdf'),
(452, 'classroom/filmfestival', 'movies25_template.pdf'),
(453, 'classroom/filmfestival', 'movies25.pdf'),
(454, 'questions/forms', 'enabled_form_prefilled.pdf'),
(455, 'questions/forms', 'enabled_form_broken.pdf'),
(456, 'questions/forms', 'enabled_form_removed.pdf'),
(457, 'questions/importpages', 'area.pdf'),
(458, 'questions/separators', 'dotted_lines.pdf'),
(459, 'questions/separators', 'pascal.pdf'),
(460, 'questions/separators', 'columns.pdf'),
(461, 'questions/separators', 'separated_words.pdf'),
(462, 'questions/separators', 'stars.pdf'),
(463, 'questions/separators', 'line_separator1.pdf'),
(464, 'questions/separators', 'line_separator2.pdf'),
(465, 'questions/separators', 'line_separator3.pdf'),
(466, 'questions/separators', 'begin_end.pdf'),
(467, 'questions/separators', 'tabbed_words1.pdf'),
(468, 'questions/separators', 'tabbed_words2.pdf'),
(469, 'questions/separators', 'toc.pdf'),
(470, 'questions/images', 'postcard.pdf'),
(471, 'questions/importpages', 'portrait_landscape.pdf'),
(472, 'questions/importpages', 'portrait_landscape_thumbs.pdf'),
(473, 'questions/forms', 'textfieldinfo.txt'),
(474, 'questions/graphics2d', 'split_canvas.pdf'),
(475, 'questions/graphics2d', 'split_rectangle.pdf'),
(476, 'questions/graphics2d', 'split_circle.pdf'),
(477, 'questions/tables', 'rotated_cell.pdf'),
(478, 'questions/graphics2d', 'swing_arialuni.pdf'),
(479, 'questions/forms', 'kids_different_pages.pdf'),
(480, 'questions/forms', 'kids_different_pages_filled.pdf'),
(481, 'questions/forms', 'radio_different_pages.pdf'),
(482, 'questions/forms', 'hello_action.pdf'),
(483, 'questions/objects', 'nested_list.pdf'),
(484, 'questions/fonts', 'encoding.pdf'),
(485, 'questions/objects', 'test_results.txt'),
(486, 'questions/objects', 'chapters_without_memory_management.pdf'),
(487, 'questions/objects', 'chapters_with_memory_management.pdf'),
(488, 'questions/objects', 'pdfptable_without_memory_management.pdf'),
(489, 'questions/objects', 'pdfptable_with_memory_management.pdf'),
(490, 'questions/objects', 'table_without_memory_management.pdf'),
(491, 'questions/objects', 'table_with_memory_management.pdf'),
(492, 'questions/metadata', 'xmp_original.pdf'),
(493, 'questions/metadata', 'xmp_altered1.pdf'),
(494, 'questions/metadata', 'xmp_altered2.pdf'),
(495, 'questions/stamppages', 'pageXofY_right_aligned.pdf'),
(496, 'questions/stamppages', 'bookmarks2toc1.pdf'),
(497, 'questions/stamppages', 'bookmarks2toc2.pdf'),
(498, 'questions/importpages', 'helloworld.pdf'),
(499, 'questions/importpages', 'hellosun.pdf'),
(500, 'questions/importpages', 'hellomoon.pdf'),
(501, 'questions/importpages', 'concatenated_with_toc.pdf'),
(502, 'questions/importpages', 'concatenated_with_toc2.pdf'),
(503, 'questions/mportpages', 'hellosun.pdf'),
(504, 'questions/tables', 'alternate_background.pdf'),
(505, 'questions/javascript', 'version_checker.pdf'),
(506, 'questions/javascript', 'trigger_menu_buttons.pdf'),
(507, 'questions/tables', 'nested_tables_a.pdf'),
(508, 'questions/tables', 'nested_tables_b.pdf'),
(509, 'questions/tables', 'nested_tables_c.pdf'),
(510, 'questions/images', 'overlapping.pdf'),
(511, 'questions/ocg', 'locked_layers.pdf'),
(512, 'questions/directcontent', 'rendered_ocr.pdf'),
(513, 'questions/forms', 'without_xfa.pdf'),
(514, 'questions/importpages', 'doc1.pdf'),
(515, 'questions/importpages', 'doc2.pdf'),
(516, 'questions/importpages', 'doc3.pdf'),
(517, 'questions/importpages', 'doc123_with_toc.pdf'),
(518, 'questions/images', 'postcard_special.pdf'),
(519, 'questions/objects', 'new_page_columns.pdf'),
(520, 'questions/tables', 'header_footer_table.pdf'),
(521, 'questions/tables', 'table_columns.pdf'),
(522, 'questions/objects', 'different_leadings.pdf'),
(523, 'questions/ocg', 'statusbars1.pdf'),
(524, 'questions/ocg', 'statusbars2.pdf'),
(525, 'questions/tables', 'tables_columns_old.pdf'),
(526, 'questions/tables', 'rotated_cells.pdf'),
(527, 'questions/graphics2d', 'arabic_text.pdf'),
(528, 'questions/compression', 'writer_default_compression.pdf'),
(529, 'questions/compression', 'writer_no_compression.pdf'),
(530, 'questions/compression', 'writer_best_speed.pdf'),
(531, 'questions/compression', 'writer_level_2.pdf'),
(532, 'questions/compression', 'writer_level_3.pdf'),
(533, 'questions/compression', 'writer_level_4.pdf'),
(534, 'questions/compression', 'writer_level_5.pdf'),
(535, 'questions/compression', 'writer_level_6.pdf'),
(536, 'questions/compression', 'writer_level_7.pdf'),
(537, 'questions/compression', 'writer_level_8.pdf'),
(538, 'questions/compression', 'writer_best_compression.pdf'),
(539, 'questions/compression', 'image_default_compression.pdf'),
(540, 'questions/compression', 'image_no_compression.pdf'),
(541, 'questions/compression', 'image_best_speed.pdf'),
(542, 'questions/compression', 'image_level_2.pdf'),
(543, 'questions/compression', 'image_level_3.pdf'),
(544, 'questions/compression', 'image_level_4.pdf'),
(545, 'questions/compression', 'image_level_5.pdf'),
(546, 'questions/compression', 'image_level_6.pdf'),
(547, 'questions/compression', 'image_level_7.pdf'),
(548, 'questions/compression', 'image_level_8.pdf'),
(549, 'questions/compression', 'image_best_compression.pdf'),
(550, 'questions/compression', 'font_default_compression.pdf'),
(551, 'questions/compression', 'font_no_compression.pdf'),
(552, 'questions/compression', 'font_best_speed.pdf'),
(553, 'questions/compression', 'font_level_2.pdf'),
(554, 'questions/compression', 'font_level_3.pdf'),
(555, 'questions/compression', 'font_level_4.pdf'),
(556, 'questions/compression', 'font_level_5.pdf'),
(557, 'questions/compression', 'font_level_6.pdf'),
(558, 'questions/compression', 'font_level_7.pdf'),
(559, 'questions/compression', 'font_level_8.pdf'),
(560, 'questions/compression', 'font_best_compression.pdf'),
(561, 'questions/compression', 'attachment_default_compression.pdf'),
(562, 'questions/compression', 'attachment_no_compression.pdf'),
(563, 'questions/compression', 'attachment_best_speed.pdf'),
(564, 'questions/compression', 'attachment_level_2.pdf'),
(565, 'questions/compression', 'attachment_level_3.pdf'),
(566, 'questions/compression', 'attachment_level_4.pdf'),
(567, 'questions/compression', 'attachment_level_5.pdf'),
(568, 'questions/compression', 'attachment_level_6.pdf'),
(569, 'questions/compression', 'attachment_level_7.pdf'),
(570, 'questions/compression', 'attachment_level_8.pdf'),
(571, 'questions/compression', 'attachment_best_compression.pdf'),
(572, 'questions/encryption', 'everything_encrypted.pdf'),
(573, 'questions/encryption', 'metadata_not_encrypted.pdf'),
(574, 'questions/forms', 'multiplechoice.pdf'),
(575, 'questions/metadata', 'original.pdf'),
(576, 'questions/metadata', 'modified.pdf'),
(577, 'questions/images', 'transparent_images.pdf'),
(578, 'questions/forms', 'added_field.pdf'),
(579, 'questions/images', 'transparent_ellipse1.pdf'),
(580, 'questions/images', 'transparent_ellipse2.pdf'),
(581, 'questions/stamppages', 'withcropbox.pdf'),
(582, 'questions/stamppages', 'clippedpages.pdf'),
(583, 'rtf/intro', 'RtfHelloWorld1.rtf'),
(584, 'questions/tables', 'list_in_table.pdf'),
(585, 'questions/forms', 'multiplechoice2.pdf'),
(586, 'questions/importpages', 'card.pdf'),
(587, 'questions/importpages', 'imported_card.pdf'),
(588, 'questions/importpages', 'sheet1.pdf'),
(589, 'questions/importpages', 'sheet2.pdf'),
(590, 'questions/images', 'original_image_size.pdf'),
(591, 'questions/images', 'reduced_image_size.pdf'),
(592, 'questions/objects', 'numbered_chapters.pdf'),
(593, 'questions/stamppages', 'certified_form.pdf'),
(594, 'questions/directcontent', 'logo.pdf'),
(595, 'questions/compression', 'pdf_files.zip'),
(596, 'rtf/shapes', 'RtfShapeTextWrap.rtf'),
(597, 'questions/ocg', 'watermarks.pdf'),
(598, 'questions/markedcontent', 'objectdata.pdf'),
(599, 'questions/stamppages', 'new_album.pdf'),
(600, 'questions/forms', 'xfa.xml'),
(601, 'questions/stamppages', 'world.pdf'),
(602, 'questions/stamppages', 'with_attachments.pdf'),
(603, 'questions/stamppages', 'without_attachments.pdf'),
(604, 'questions/forms', 'filled_xfa.pdf'),
(605, 'questions/images', 'transparent_png.pdf'),
(606, 'questions/forms', 'form_with_tooltips.pdf'),
(607, 'questions/forms', 'hello_alignment.pdf'),
(608, 'questions/objects', 'nesting_lists.pdf');

-- --------------------------------------------------------

-- 
-- Table structure for table `samples_link`
-- 

CREATE TABLE `samples_link` (
  `example_id` int(11) NOT NULL default '0',
  `sample_id` int(11) NOT NULL default '0',
  `type` set('I','O','N') NOT NULL default 'N',
  KEY `example_id` (`example_id`)
) ENGINE=MyISAM DEFAULT CHARSET=latin1;

-- 
-- Dumping data for table `samples_link`
-- 

INSERT INTO `samples_link` (`example_id`, `sample_id`, `type`) VALUES (1, 1, 'N'),
(2, 2, 'I'),
(2, 3, 'O'),
(2, 4, 'O'),
(2, 5, 'O'),
(3, 6, 'N'),
(4, 7, 'N'),
(5, 8, 'N'),
(6, 9, 'N'),
(7, 10, 'N'),
(8, 11, 'N'),
(9, 12, 'N'),
(10, 13, 'N'),
(11, 14, 'N'),
(11, 15, 'N'),
(11, 16, 'N'),
(13, 17, 'N'),
(14, 18, 'N'),
(15, 19, 'N'),
(15, 20, 'N'),
(15, 21, 'N'),
(16, 22, 'N'),
(17, 23, 'N'),
(18, 24, 'I'),
(19, 25, 'I'),
(20, 25, 'I'),
(20, 26, 'O'),
(21, 24, 'I'),
(22, 27, 'I'),
(22, 28, 'O'),
(23, 29, 'I'),
(23, 30, 'O'),
(23, 31, 'O'),
(24, 25, 'I'),
(24, 32, 'O'),
(25, 25, 'I'),
(25, 33, 'O'),
(26, 25, 'I'),
(26, 34, 'O'),
(27, 25, 'I'),
(27, 35, 'O'),
(28, 36, 'I'),
(28, 37, 'O'),
(29, 36, 'I'),
(29, 38, 'O'),
(30, 39, 'I'),
(30, 40, 'I'),
(30, 41, 'I'),
(30, 42, 'O'),
(31, 43, 'I'),
(31, 44, 'O'),
(31, 45, 'O'),
(31, 46, 'O'),
(32, 43, 'I'),
(32, 47, 'O'),
(32, 48, 'O'),
(32, 49, 'O'),
(33, 50, 'I'),
(33, 51, 'I'),
(33, 52, 'I'),
(33, 53, 'O'),
(34, 50, 'I'),
(34, 51, 'I'),
(34, 52, 'I'),
(34, 54, 'O'),
(35, 55, 'I'),
(35, 56, 'O'),
(36, 57, 'I'),
(36, 58, 'I'),
(36, 59, 'O'),
(37, 55, 'I'),
(37, 60, 'O'),
(38, 61, 'N'),
(39, 62, 'N'),
(40, 63, 'N'),
(41, 64, 'I'),
(41, 65, 'O'),
(41, 66, 'O'),
(42, 67, 'I'),
(42, 68, 'O'),
(42, 69, 'O'),
(42, 70, 'O'),
(43, 71, 'N'),
(44, 72, 'N'),
(45, 73, 'N'),
(46, 74, 'N'),
(47, 75, 'N'),
(48, 76, 'N'),
(49, 77, 'N'),
(50, 78, 'N'),
(51, 79, 'N'),
(52, 80, 'N'),
(53, 81, 'N'),
(54, 82, 'N'),
(55, 83, 'N'),
(56, 84, 'N'),
(57, 85, 'N'),
(58, 86, 'N'),
(59, 87, 'N'),
(60, 88, 'N'),
(61, 89, 'N'),
(62, 90, 'N'),
(63, 91, 'N'),
(64, 92, 'N'),
(64, 93, 'N'),
(65, 94, 'N'),
(66, 95, 'N'),
(67, 96, 'N'),
(68, 97, 'N'),
(69, 98, 'N'),
(70, 99, 'N'),
(71, 100, 'N'),
(72, 101, 'N'),
(73, 102, 'N'),
(74, 103, 'N'),
(75, 104, 'N'),
(75, 105, 'N'),
(75, 106, 'N'),
(75, 107, 'N'),
(75, 108, 'N'),
(76, 109, 'N'),
(77, 110, 'N'),
(78, 36, 'I'),
(78, 37, 'O'),
(79, 111, 'N'),
(80, 112, 'N'),
(81, 113, 'N'),
(82, 114, 'N'),
(83, 115, 'N'),
(83, 116, 'N'),
(84, 117, 'N'),
(85, 118, 'N'),
(86, 119, 'N'),
(87, 120, 'N'),
(88, 121, 'N'),
(89, 122, 'N'),
(90, 123, 'N'),
(91, 124, 'N'),
(92, 125, 'N'),
(93, 126, 'N'),
(94, 127, 'N'),
(95, 128, 'N'),
(96, 129, 'N'),
(97, 130, 'N'),
(98, 131, 'N'),
(99, 132, 'N'),
(100, 133, 'N'),
(101, 134, 'N'),
(102, 135, 'N'),
(103, 136, 'N'),
(104, 137, 'N'),
(105, 138, 'N'),
(105, 139, 'N'),
(105, 140, 'N'),
(106, 141, 'N'),
(107, 142, 'N'),
(108, 143, 'N'),
(109, 144, 'N'),
(110, 145, 'N'),
(111, 146, 'N'),
(112, 147, 'N'),
(112, 148, 'N'),
(112, 149, 'N'),
(113, 150, 'N'),
(114, 151, 'N'),
(114, 152, 'N'),
(116, 154, 'N'),
(115, 153, 'N'),
(117, 155, 'N'),
(118, 156, 'N'),
(119, 157, 'N'),
(120, 158, 'N'),
(121, 159, 'N'),
(122, 160, 'N'),
(123, 161, 'N'),
(124, 162, 'N'),
(125, 163, 'N'),
(126, 164, 'N'),
(127, 165, 'N'),
(128, 166, 'N'),
(129, 167, 'N'),
(130, 169, 'N'),
(131, 172, 'N'),
(132, 173, 'N'),
(133, 174, 'N'),
(134, 175, 'N'),
(135, 176, 'N'),
(136, 177, 'N'),
(137, 178, 'N'),
(138, 179, 'N'),
(139, 180, 'N'),
(140, 181, 'N'),
(141, 182, 'N'),
(141, 183, 'N'),
(141, 184, 'N'),
(142, 185, 'N'),
(143, 186, 'N'),
(144, 187, 'N'),
(145, 188, 'N'),
(146, 189, 'N'),
(147, 190, 'N'),
(148, 191, 'N'),
(149, 192, 'N'),
(150, 193, 'N'),
(151, 194, 'N'),
(152, 195, 'N'),
(153, 196, 'N'),
(154, 197, 'N'),
(155, 198, 'N'),
(156, 199, 'N'),
(157, 200, 'N'),
(158, 201, 'N'),
(159, 202, 'N'),
(160, 203, 'N'),
(161, 204, 'N'),
(162, 205, 'N'),
(163, 206, 'N'),
(164, 207, 'N'),
(165, 208, 'N'),
(166, 209, 'N'),
(167, 210, 'N'),
(168, 211, 'N'),
(169, 212, 'N'),
(170, 213, 'N'),
(171, 214, 'N'),
(172, 215, 'N'),
(173, 216, 'N'),
(174, 217, 'N'),
(175, 218, 'N'),
(176, 219, 'N'),
(177, 220, 'N'),
(178, 221, 'N'),
(179, 222, 'N'),
(180, 223, 'N'),
(181, 224, 'N'),
(182, 225, 'N'),
(183, 226, 'N'),
(184, 227, 'N'),
(185, 228, 'N'),
(186, 229, 'N'),
(188, 231, 'N'),
(187, 230, 'N'),
(189, 232, 'N'),
(190, 233, 'N'),
(191, 234, 'N'),
(192, 235, 'N'),
(192, 236, 'N'),
(193, 237, 'N'),
(194, 238, 'N'),
(194, 239, 'N'),
(195, 240, 'N'),
(196, 241, 'N'),
(197, 242, 'N'),
(198, 243, 'N'),
(199, 244, 'N'),
(200, 245, 'N'),
(201, 245, 'N'),
(202, 246, 'N'),
(202, 247, 'N'),
(202, 248, 'N'),
(202, 249, 'N'),
(202, 250, 'N'),
(202, 251, 'N'),
(203, 252, 'N'),
(203, 253, 'N'),
(204, 254, 'N'),
(204, 255, 'N'),
(204, 256, 'N'),
(204, 257, 'N'),
(205, 258, 'N'),
(206, 259, 'N'),
(207, 260, 'N'),
(208, 261, 'N'),
(209, 262, 'N'),
(209, 263, 'O'),
(210, 264, 'N'),
(210, 265, 'O'),
(210, 266, 'O'),
(211, 267, 'I'),
(211, 268, 'O'),
(211, 269, 'O'),
(212, 270, 'I'),
(212, 271, 'I'),
(212, 272, 'I'),
(212, 273, 'O'),
(213, 274, 'N'),
(214, 275, 'N'),
(214, 276, 'N'),
(214, 277, 'O'),
(215, 278, 'N'),
(216, 279, 'N'),
(217, 280, 'N'),
(218, 281, 'N'),
(218, 282, 'N'),
(218, 283, 'O'),
(219, 284, 'N'),
(219, 285, 'N'),
(220, 286, 'N'),
(221, 287, 'N'),
(222, 288, 'N'),
(223, 289, 'N'),
(224, 290, 'N'),
(225, 291, 'N'),
(226, 292, 'N'),
(227, 293, 'I'),
(227, 294, 'I'),
(227, 295, 'O'),
(228, 296, 'I'),
(229, 296, 'I'),
(228, 297, 'N'),
(228, 298, 'N'),
(229, 299, 'N'),
(230, 300, 'N'),
(231, 301, 'N'),
(232, 302, 'N'),
(233, 303, 'N'),
(234, 304, 'N'),
(235, 305, 'N'),
(235, 306, 'N'),
(236, 307, 'N'),
(237, 308, 'N'),
(238, 309, 'N'),
(239, 310, 'N'),
(240, 311, 'N'),
(241, 312, 'N'),
(242, 313, 'N'),
(243, 314, 'N'),
(244, 315, 'N'),
(245, 316, 'N'),
(246, 317, 'N'),
(247, 318, 'I'),
(248, 318, 'I'),
(248, 319, 'O'),
(248, 320, 'O'),
(248, 321, 'O'),
(248, 322, 'O'),
(249, 323, 'I'),
(249, 324, 'O'),
(249, 325, 'O'),
(249, 326, 'O'),
(249, 327, 'O'),
(249, 328, 'O'),
(250, 329, 'I'),
(250, 330, 'I'),
(250, 331, 'O'),
(250, 318, 'I'),
(250, 332, 'O'),
(250, 333, 'O'),
(250, 334, 'O'),
(251, 335, 'N'),
(252, 335, 'I'),
(252, 336, 'O'),
(253, 337, 'I'),
(253, 338, 'O'),
(253, 339, 'O'),
(253, 340, 'O'),
(253, 341, 'O'),
(253, 342, 'O'),
(253, 343, 'O'),
(261, 344, 'I'),
(261, 345, 'O'),
(262, 346, 'I'),
(262, 347, 'O'),
(263, 348, 'I'),
(263, 349, 'O'),
(264, 350, 'N'),
(265, 348, 'I'),
(265, 351, 'O'),
(266, 352, 'N'),
(268, 110, 'N'),
(269, 354, 'N'),
(270, 355, 'N'),
(271, 356, 'N'),
(272, 357, 'N'),
(273, 358, 'I'),
(273, 359, 'O'),
(274, 360, 'N'),
(275, 361, 'N'),
(276, 362, 'N'),
(277, 363, 'N'),
(278, 364, 'N'),
(279, 365, 'I'),
(279, 366, 'O'),
(280, 367, 'N'),
(281, 368, 'I'),
(281, 369, 'O'),
(281, 370, 'I'),
(281, 371, 'O'),
(282, 365, 'I'),
(282, 372, 'O'),
(282, 373, 'I'),
(282, 374, 'O'),
(283, 375, 'N'),
(284, 376, 'N'),
(285, 377, 'I'),
(285, 378, 'O'),
(286, 379, 'N'),
(287, 380, 'N'),
(288, 381, 'I'),
(288, 382, 'O'),
(289, 383, 'I'),
(289, 384, 'I'),
(289, 385, 'I'),
(289, 386, 'O'),
(290, 387, 'I'),
(290, 388, 'I'),
(290, 389, 'I'),
(290, 390, 'O'),
(290, 391, 'O'),
(290, 392, 'O'),
(291, 387, 'I'),
(291, 388, 'I'),
(291, 389, 'I'),
(291, 393, 'O'),
(291, 394, 'O'),
(291, 395, 'O'),
(292, 396, 'N'),
(293, 397, 'N'),
(294, 398, 'N'),
(295, 399, 'N'),
(297, 400, 'N'),
(298, 401, 'N'),
(299, 402, 'N'),
(300, 403, 'N'),
(301, 404, 'N'),
(302, 405, 'N'),
(303, 406, 'N'),
(304, 407, 'N'),
(305, 408, 'I'),
(305, 409, 'O'),
(306, 410, 'N'),
(307, 411, 'N'),
(308, 412, 'N'),
(309, 413, 'N'),
(310, 414, 'N'),
(311, 415, 'N'),
(312, 416, 'N'),
(313, 417, 'N'),
(314, 418, 'N'),
(315, 419, 'N'),
(316, 420, 'N'),
(317, 421, 'N'),
(318, 422, 'N'),
(319, 423, 'N'),
(320, 424, 'N'),
(321, 425, 'N'),
(322, 426, 'N'),
(323, 427, 'N'),
(324, 428, 'N'),
(325, 429, 'N'),
(326, 430, 'N'),
(327, 431, 'N'),
(328, 432, 'N'),
(329, 433, 'O'),
(329, 432, 'I'),
(329, 430, 'I'),
(330, 434, 'N'),
(331, 435, 'N'),
(332, 436, 'O'),
(332, 437, 'O'),
(332, 435, 'I'),
(333, 438, 'O'),
(334, 439, 'O'),
(335, 440, 'O'),
(336, 441, 'O'),
(337, 442, 'O'),
(338, 443, 'O'),
(339, 444, 'O'),
(340, 445, 'O'),
(341, 446, 'O'),
(342, 447, 'O'),
(343, 448, 'O'),
(344, 449, 'O'),
(345, 450, 'O'),
(346, 451, 'O'),
(347, 452, 'I'),
(347, 453, 'O'),
(348, 454, 'O'),
(349, 455, 'O'),
(350, 456, 'O'),
(351, 457, 'O'),
(352, 458, 'N'),
(353, 459, 'N'),
(354, 460, 'N'),
(355, 461, 'N'),
(356, 462, 'N'),
(357, 463, 'N'),
(358, 464, 'N'),
(359, 465, 'N'),
(360, 466, 'N'),
(361, 467, 'N'),
(362, 468, 'N'),
(363, 469, 'N'),
(364, 470, 'N'),
(365, 471, 'I'),
(365, 472, 'O'),
(366, 473, 'N'),
(367, 474, 'N'),
(368, 475, 'N'),
(369, 476, 'N'),
(370, 477, 'N'),
(371, 478, 'N'),
(373, 479, 'I'),
(373, 480, 'O'),
(374, 481, 'N'),
(372, 482, 'O'),
(377, 483, 'N'),
(375, 484, 'N'),
(376, 485, 'N'),
(376, 486, 'N'),
(376, 487, 'N'),
(376, 488, 'N'),
(376, 489, 'N'),
(376, 490, 'N'),
(376, 491, 'N'),
(378, 492, 'N'),
(378, 493, 'O'),
(378, 494, 'O'),
(379, 495, 'N'),
(380, 496, 'N'),
(381, 497, 'N'),
(382, 498, 'I'),
(382, 499, 'I'),
(382, 500, 'I'),
(382, 501, 'O'),
(383, 502, 'O'),
(383, 498, 'I'),
(383, 500, 'I'),
(383, 503, 'I'),
(384, 504, 'N'),
(385, 505, 'N'),
(386, 506, 'N'),
(387, 507, 'N'),
(387, 508, 'N'),
(387, 509, 'N'),
(388, 510, 'N'),
(389, 511, 'N'),
(390, 512, 'N'),
(391, 513, 'O'),
(392, 514, 'I'),
(392, 515, 'I'),
(392, 516, 'I'),
(392, 517, 'O'),
(393, 518, 'N'),
(394, 519, 'N'),
(395, 520, 'N'),
(396, 521, 'N'),
(397, 522, 'N'),
(398, 523, 'N'),
(399, 524, 'N'),
(400, 525, 'N'),
(401, 526, 'N'),
(402, 527, 'N'),
(403, 528, 'N'),
(403, 529, 'N'),
(403, 530, 'N'),
(403, 531, 'N'),
(403, 532, 'N'),
(403, 533, 'N'),
(403, 534, 'N'),
(403, 535, 'N'),
(403, 536, 'N'),
(403, 537, 'N'),
(403, 538, 'N'),
(404, 539, 'N'),
(404, 540, 'N'),
(404, 541, 'N'),
(404, 542, 'N'),
(404, 543, 'N'),
(404, 544, 'N'),
(404, 545, 'N'),
(404, 546, 'N'),
(404, 547, 'N'),
(404, 548, 'N'),
(404, 549, 'N'),
(405, 550, 'N'),
(405, 551, 'N'),
(405, 552, 'N'),
(405, 553, 'N'),
(405, 554, 'N'),
(405, 555, 'N'),
(405, 556, 'N'),
(405, 557, 'N'),
(405, 558, 'N'),
(405, 559, 'N'),
(405, 560, 'N'),
(406, 561, 'N'),
(406, 562, 'N'),
(406, 563, 'N'),
(406, 564, 'N'),
(406, 565, 'N'),
(406, 566, 'N'),
(406, 567, 'N'),
(406, 568, 'N'),
(406, 569, 'N'),
(406, 570, 'N'),
(406, 571, 'N'),
(407, 572, 'N'),
(408, 573, 'N'),
(409, 574, 'N'),
(410, 575, 'I'),
(410, 576, 'O'),
(411, 577, 'N'),
(412, 578, 'O'),
(413, 579, 'N'),
(414, 580, 'N'),
(415, 581, 'O'),
(415, 582, 'N'),
(416, 583, 'N'),
(417, 584, 'N'),
(418, 585, 'N'),
(419, 586, 'I'),
(419, 587, 'O'),
(420, 588, 'N'),
(420, 589, 'N'),
(421, 590, 'I'),
(421, 591, 'O'),
(422, 592, 'N'),
(423, 593, 'N'),
(424, 594, 'N'),
(425, 595, 'N'),
(426, 596, 'N'),
(427, 597, 'N'),
(428, 598, 'N'),
(429, 599, 'N'),
(430, 600, 'N'),
(431, 601, 'N'),
(432, 602, 'I'),
(432, 603, 'O'),
(433, 604, 'N'),
(434, 605, 'N'),
(435, 606, 'N'),
(436, 607, 'N'),
(437, 608, 'N');

-- --------------------------------------------------------

-- 
-- Table structure for table `toc`
-- 

CREATE TABLE `toc` (
  `id` int(11) NOT NULL auto_increment,
  `collection_id` int(11) NOT NULL default '0',
  `prefix` varchar(10) NOT NULL default '',
  `title` varchar(80) NOT NULL default '',
  `sort` int(11) NOT NULL,
  PRIMARY KEY  (`id`),
  KEY `parent` (`collection_id`)
) ENGINE=MyISAM AUTO_INCREMENT=382 DEFAULT CHARSET=latin1 AUTO_INCREMENT=382 ;

-- 
-- Dumping data for table `toc`
-- 

INSERT INTO `toc` (`id`, `collection_id`, `prefix`, `title`, `sort`) VALUES (6, 1, 'Chapter 1', 'iText, when and why', 1),
(7, 1, 'Chapter 2', 'PDF engine jump-start', 2),
(8, 1, 'Chapter 3', 'PDF, why and when', 3),
(9, 1, 'Chapter 4', 'Composing text elements', 4),
(10, 1, 'Chapter 5', 'Inserting images', 5),
(11, 1, 'Chapter 6', 'Constructing tables', 6),
(12, 1, 'Chapter 7', 'Constructing columns', 7),
(13, 1, 'Chapter 8', 'Choosing the right font', 8),
(14, 1, 'Chapter 9', 'Using fonts', 9),
(15, 1, 'Chapter 10', 'Constructing and painting paths', 10),
(16, 1, 'Chapter 11', 'Adding color and text', 11),
(17, 1, 'Chapter 12', 'Drawing to Java Graphics2D', 12),
(18, 1, 'Chapter 13', 'Browsing a PDF document', 13),
(19, 1, 'Chapter 14', 'Automating PDF creation', 14),
(20, 1, 'Chapter 15', 'Creating annotations and fields', 15),
(21, 1, 'Chapter 16', 'Filling and signing AcroForms', 16),
(22, 1, 'Chapter 17', 'iText in web applications', 17),
(23, 1, 'Chapter 18', 'Under the hood', 18),
(24, 1, 'Extra', 'Appendices', 19),
(25, 1, 'Extra', 'More samples (not in the book)', 20),
(26, 2, 'Intro', 'A series of HelloWorld examples', 10),
(27, 2, 'Film (a)', 'Using basic building blocks to publish the content of a database', 20),
(28, 2, 'Film (b)', 'Using ColumnText and PdfPTable to publish database content', 30),
(29, 2, 'Film (c)', 'Advanced PDF creation; PDF manipulation and form filling', 40),
(30, 2, 'News (a)', 'Adding annotations to existing PDF files', 50),
(31, 2, 'News (b)', 'Adding annotations (continued), adding/replacing form fields', 60),
(365, 3, 'Forms', 'Examples explaining how to work with interactive PDF forms', 50),
(366, 3, 'Import/Exp', 'Import pages from existing PDFs and export them to a new PDF', 100),
(367, 3, 'Separators', 'Some examples about the use of separators: horizontal/vertical/glue/tabs', 120),
(368, 3, 'Images', 'Examples involving images and PDF', 10),
(369, 3, 'Graphics2D', 'Some examples using java.awt.Graphics2D', 200),
(370, 3, 'Metadata', 'Some examples about metadata', 70),
(371, 3, 'Objects', 'Examples explaining the use of Basic Building Blocks', 5),
(372, 3, 'Tables', 'Some table examples', 0),
(364, 3, 'Fonts', 'How to use Fonts', 30),
(373, 3, 'Stamping', 'Stamp extra content on existing PDF files', 62),
(374, 3, 'JS', 'JavaScript examples', 51),
(375, 3, 'OCG', 'Optional Content Groups', 205),
(376, 3, 'GS/TS', 'Direct Content (graphics state and text state)', 150),
(377, 3, 'Compress', 'about compressing PDF content streams', 60),
(378, 3, 'Encrypt', 'about encrypting PDFs', 61),
(379, 4, 'INTRO', 'introduction', 1),
(380, 4, 'shapes', 'Shapes', 10),
(381, 3, 'MC', 'Marked Content', 210);

-- --------------------------------------------------------

-- 
-- Table structure for table `webapps`
-- 

CREATE TABLE `webapps` (
  `id` int(11) NOT NULL auto_increment,
  `example_id` int(11) NOT NULL default '0',
  `url` varchar(128) NOT NULL default '',
  PRIMARY KEY  (`id`),
  KEY `example_id` (`example_id`)
) ENGINE=MyISAM AUTO_INCREMENT=14 DEFAULT CHARSET=latin1 AUTO_INCREMENT=14 ;

-- 
-- Dumping data for table `webapps`
-- 

INSERT INTO `webapps` (`id`, `example_id`, `url`) VALUES (1, 254, 'http://www.1t3xt.info:8080/itext-in-action/HelloWorld?presentationtype=html'),
(2, 254, 'http://www.1t3xt.info:8080/itext-in-action/HelloWorld?presentationtype=pdf'),
(3, 254, 'http://www.1t3xt.info:8080/itext-in-action/HelloWorld?presentationtype=rtf'),
(4, 255, 'http://www.1t3xt.info:8080/itext-in-action/index.jsp?method=POST'),
(5, 255, 'http://www.1t3xt.info:8080/itext-in-action/index.jsp?method=GET'),
(6, 255, 'http://www.1t3xt.info:8080/itext-in-action/simple.pdf'),
(7, 255, 'http://www.1t3xt.info:8080/itext-in-action/simple.pdf?msg=Hello%20World'),
(8, 256, 'http://www.1t3xt.info:8080/itext-in-action/helloworld.jsp'),
(9, 257, 'http://www.1t3xt.info:8080/itext-in-action/user_agent.jsp'),
(10, 258, 'http://www.1t3xt.info:8080/itext-in-action/Progress'),
(11, 259, 'http://www.1t3xt.info:8080/itext-in-action/FoobarCourses'),
(12, 260, 'http://www.1t3xt.info:8080/itext-in-action/learning_agreement.pdf'),
(13, 267, 'http://www.1t3xt.info:8080/itext-in-action/learningagreement.pdf');
